school,student_id,school_setting,school_type,classroom,teaching_method,n_student
ANKYI,2FHT3,Urban,Non-public,6OL,Standard,20.0
ANKYI,3JIVH,Urban,Non-public,6OL,Standard,20.0
ANKYI,3XOWE,Urban,Non-public,6OL,Standard,20.0
ANKYI,556O0,Urban,Non-public,6OL,Standard,20.0
ANKYI,74LOE,Urban,Non-public,6OL,Standard,20.0
ANKYI,7YZO8,Urban,Non-public,6OL,Standard,20.0
ANKYI,9KMZD,Urban,Non-public,6OL,Standard,20.0
ANKYI,9USQK,Urban,Non-public,6OL,Standard,20.0
ANKYI,CS5QP,Urban,Non-public,6OL,Standard,20.0
ANKYI,D6HT8,Urban,Non-public,6OL,Standard,20.0
ANKYI,DZMKU,Urban,Non-public,6OL,Standard,20.0
ANKYI,FH7B9,Urban,Non-public,6OL,Standard,20.0
ANKYI,JI9VG,Urban,Non-public,6OL,Standard,20.0
ANKYI,JQM2W,Urban,Non-public,6OL,Standard,20.0
ANKYI,MEUC4,Urban,Non-public,6OL,Standard,20.0
ANKYI,R4U8H,Urban,Non-public,6OL,Standard,20.0
ANKYI,TH7KI,Urban,Non-public,6OL,Standard,20.0
ANKYI,U1FV7,Urban,Non-public,6OL,Standard,20.0
ANKYI,WC5I6,Urban,Non-public,6OL,Standard,20.0
ANKYI,ZBQ4T,Urban,Non-public,6OL,Standard,20.0
ANKYI,0CRO6,Urban,Non-public,ZNS,Standard,21.0
ANKYI,1QMDI,Urban,Non-public,ZNS,Standard,21.0
ANKYI,3CFUK,Urban,Non-public,ZNS,Standard,21.0
ANKYI,447O0,Urban,Non-public,ZNS,Standard,21.0
ANKYI,4IDEM,Urban,Non-public,ZNS,Standard,21.0
ANKYI,5UQNP,Urban,Non-public,ZNS,Standard,21.0
ANKYI,AV95M,Urban,Non-public,ZNS,Standard,21.0
ANKYI,BX6I6,Urban,Non-public,ZNS,Standard,21.0
ANKYI,EYFXR,Urban,Non-public,ZNS,Standard,21.0
ANKYI,FFC9M,Urban,Non-public,ZNS,Standard,21.0
ANKYI,GGT4A,Urban,Non-public,ZNS,Standard,21.0
ANKYI,HRZOJ,Urban,Non-public,ZNS,Standard,21.0
ANKYI,IFC62,Urban,Non-public,ZNS,Standard,21.0
ANKYI,LLQI3,Urban,Non-public,ZNS,Standard,21.0
ANKYI,OCJE3,Urban,Non-public,ZNS,Standard,21.0
ANKYI,OGW1F,Urban,Non-public,ZNS,Standard,21.0
ANKYI,Q5QRY,Urban,Non-public,ZNS,Standard,21.0
ANKYI,TJRIV,Urban,Non-public,ZNS,Standard,21.0
ANKYI,U24U5,Urban,Non-public,ZNS,Standard,21.0
ANKYI,VKX2N,Urban,Non-public,ZNS,Standard,21.0
ANKYI,ZTROF,Urban,Non-public,ZNS,Standard,21.0
CCAAW,1IALS,Suburban,Non-public,2B1,Experimental,18.0
CCAAW,5NDXD,Suburban,Non-public,2B1,Experimental,18.0
CCAAW,6DCTV,Suburban,Non-public,2B1,Experimental,18.0
CCAAW,6OB0S,Suburban,Non-public,2B1,Experimental,18.0
CCAAW,AITPY,Suburban,Non-public,2B1,Experimental,18.0
CCAAW,B8B6G,Suburban,Non-public,2B1,Experimental,18.0
CCAAW,C0UW3,Suburban,Non-public,2B1,Experimental,18.0
CCAAW,CD1MB,Suburban,Non-public,2B1,Experimental,18.0
CCAAW,F4ZHY,Suburban,Non-public,2B1,Experimental,18.0
CCAAW,GT9F2,Suburban,Non-public,2B1,Experimental,18.0
CCAAW,L5T1W,Suburban,Non-public,2B1,Experimental,18.0
CCAAW,MVXN3,Suburban,Non-public,2B1,Experimental,18.0
CCAAW,N7XOT,Suburban,Non-public,2B1,Experimental,18.0
CCAAW,NKP72,Suburban,Non-public,2B1,Experimental,18.0
CCAAW,QJVAM,Suburban,Non-public,2B1,Experimental,18.0
CCAAW,V6ZA8,Suburban,Non-public,2B1,Experimental,18.0
CCAAW,X4NP9,Suburban,Non-public,2B1,Experimental,18.0
CCAAW,YEJFP,Suburban,Non-public,2B1,Experimental,18.0
CCAAW,2RA1H,Suburban,Non-public,EPS,Experimental,20.0
CCAAW,2U37U,Suburban,Non-public,EPS,Experimental,20.0
CCAAW,30219,Suburban,Non-public,EPS,Experimental,20.0
CCAAW,3RJO7,Suburban,Non-public,EPS,Experimental,20.0
CCAAW,42OS6,Suburban,Non-public,EPS,Experimental,20.0
CCAAW,4B72M,Suburban,Non-public,EPS,Experimental,20.0
CCAAW,7D9JO,Suburban,Non-public,EPS,Experimental,20.0
CCAAW,7QNXG,Suburban,Non-public,EPS,Experimental,20.0
CCAAW,8HMCH,Suburban,Non-public,EPS,Experimental,20.0
CCAAW,8W6N8,Suburban,Non-public,EPS,Experimental,20.0
CCAAW,BVGDA,Suburban,Non-public,EPS,Experimental,20.0
CCAAW,CFICH,Suburban,Non-public,EPS,Experimental,20.0
CCAAW,DTGZA,Suburban,Non-public,EPS,Experimental,20.0
CCAAW,EEJ6S,Suburban,Non-public,EPS,Experimental,20.0
CCAAW,JSYRI,Suburban,Non-public,EPS,Experimental,20.0
CCAAW,KGFXN,Suburban,Non-public,EPS,Experimental,20.0
CCAAW,KTSGX,Suburban,Non-public,EPS,Experimental,20.0
CCAAW,SAKZI,Suburban,Non-public,EPS,Experimental,20.0
CCAAW,XAHWJ,Suburban,Non-public,EPS,Experimental,20.0
CCAAW,XP6HQ,Suburban,Non-public,EPS,Experimental,20.0
CCAAW,0ZAWS,Suburban,Non-public,IQN,Experimental,15.0
CCAAW,4CE6S,Suburban,Non-public,IQN,Experimental,15.0
CCAAW,DB15U,Suburban,Non-public,IQN,Experimental,15.0
CCAAW,GFIP5,Suburban,Non-public,IQN,Experimental,15.0
CCAAW,GJ8SE,Suburban,Non-public,IQN,Experimental,15.0
CCAAW,GYLNC,Suburban,Non-public,IQN,Experimental,15.0
CCAAW,H1H52,Suburban,Non-public,IQN,Experimental,15.0
CCAAW,JPSF7,Suburban,Non-public,IQN,Experimental,15.0
CCAAW,KW69V,Suburban,Non-public,IQN,Experimental,15.0
CCAAW,MY8XT,Suburban,Non-public,IQN,Experimental,15.0
CCAAW,NKEK5,Suburban,Non-public,IQN,Experimental,15.0
CCAAW,PCELB,Suburban,Non-public,IQN,Experimental,15.0
CCAAW,VLKJU,Suburban,Non-public,IQN,Experimental,15.0
CCAAW,WI916,Suburban,Non-public,IQN,Experimental,15.0
CCAAW,WO5E2,Suburban,Non-public,IQN,Experimental,15.0
CCAAW,0U8DI,Suburban,Non-public,PGK,Standard,21.0
CCAAW,18YOG,Suburban,Non-public,PGK,Standard,21.0
CCAAW,4YN68,Suburban,Non-public,PGK,Standard,21.0
CCAAW,905ZT,Suburban,Non-public,PGK,Standard,21.0
CCAAW,9WYVP,Suburban,Non-public,PGK,Standard,21.0
CCAAW,A1554,Suburban,Non-public,PGK,Standard,21.0
CCAAW,BWRTH,Suburban,Non-public,PGK,Standard,21.0
CCAAW,CNECS,Suburban,Non-public,PGK,Standard,21.0
CCAAW,E8RRO,Suburban,Non-public,PGK,Standard,21.0
CCAAW,I2TFD,Suburban,Non-public,PGK,Standard,21.0
CCAAW,I4BNO,Suburban,Non-public,PGK,Standard,21.0
CCAAW,IY6DQ,Suburban,Non-public,PGK,Standard,21.0
CCAAW,LB8XY,Suburban,Non-public,PGK,Standard,21.0
CCAAW,LHBRT,Suburban,Non-public,PGK,Standard,21.0
CCAAW,NVH1O,Suburban,Non-public,PGK,Standard,21.0
CCAAW,O4BQF,Suburban,Non-public,PGK,Standard,21.0
CCAAW,ODYMF,Suburban,Non-public,PGK,Standard,21.0
CCAAW,QLX2Z,Suburban,Non-public,PGK,Standard,21.0
CCAAW,QPPQJ,Suburban,Non-public,PGK,Standard,21.0
CCAAW,ST8FC,Suburban,Non-public,PGK,Standard,21.0
CCAAW,XTC1Q,Suburban,Non-public,PGK,Standard,21.0
CCAAW,0MRJH,Suburban,Non-public,UHU,Experimental,16.0
CCAAW,1RN82,Suburban,Non-public,UHU,Experimental,16.0
CCAAW,24AN2,Suburban,Non-public,UHU,Experimental,16.0
CCAAW,2XT73,Suburban,Non-public,UHU,Experimental,16.0
CCAAW,65RSM,Suburban,Non-public,UHU,Experimental,16.0
CCAAW,6QNQ9,Suburban,Non-public,UHU,Experimental,16.0
CCAAW,76O2H,Suburban,Non-public,UHU,Experimental,16.0
CCAAW,EUUCT,Suburban,Non-public,UHU,Experimental,16.0
CCAAW,FUCFP,Suburban,Non-public,UHU,Experimental,16.0
CCAAW,G3L6V,Suburban,Non-public,UHU,Experimental,16.0
CCAAW,I0XVJ,Suburban,Non-public,UHU,Experimental,16.0
CCAAW,IYNXL,Suburban,Non-public,UHU,Experimental,16.0
CCAAW,M5NZM,Suburban,Non-public,UHU,Experimental,16.0
CCAAW,PKG8H,Suburban,Non-public,UHU,Experimental,16.0
CCAAW,RM0W4,Suburban,Non-public,UHU,Experimental,16.0
CCAAW,XWY2X,Suburban,Non-public,UHU,Experimental,16.0
CCAAW,0DLKI,Suburban,Non-public,UWK,Standard,19.0
CCAAW,1F817,Suburban,Non-public,UWK,Standard,19.0
CCAAW,1IK2C,Suburban,Non-public,UWK,Standard,19.0
CCAAW,1OFX7,Suburban,Non-public,UWK,Standard,19.0
CCAAW,21IQZ,Suburban,Non-public,UWK,Standard,19.0
CCAAW,5I0TO,Suburban,Non-public,UWK,Standard,19.0
CCAAW,5SQKW,Suburban,Non-public,UWK,Standard,19.0
CCAAW,7PLYH,Suburban,Non-public,UWK,Standard,19.0
CCAAW,8MLVH,Suburban,Non-public,UWK,Standard,19.0
CCAAW,CGX72,Suburban,Non-public,UWK,Standard,19.0
CCAAW,IBX0J,Suburban,Non-public,UWK,Standard,19.0
CCAAW,JY21F,Suburban,Non-public,UWK,Standard,19.0
CCAAW,L4B6P,Suburban,Non-public,UWK,Standard,19.0
CCAAW,PYYX9,Suburban,Non-public,UWK,Standard,19.0
CCAAW,QZI3R,Suburban,Non-public,UWK,Standard,19.0
CCAAW,RYJH1,Suburban,Non-public,UWK,Standard,19.0
CCAAW,TKWII,Suburban,Non-public,UWK,Standard,19.0
CCAAW,X6ZCW,Suburban,Non-public,UWK,Standard,19.0
CCAAW,ZDLQB,Suburban,Non-public,UWK,Standard,19.0
CIMBB,0WW6N,Urban,Non-public,A33,Standard,19.0
CIMBB,5IKFU,Urban,Non-public,A33,Standard,19.0
CIMBB,7ODZ6,Urban,Non-public,A33,Standard,19.0
CIMBB,BD0UJ,Urban,Non-public,A33,Standard,19.0
CIMBB,F08JN,Urban,Non-public,A33,Standard,19.0
CIMBB,FRA61,Urban,Non-public,A33,Standard,19.0
CIMBB,FZVQF,Urban,Non-public,A33,Standard,19.0
CIMBB,GXVKS,Urban,Non-public,A33,Standard,19.0
CIMBB,IUX8B,Urban,Non-public,A33,Standard,19.0
CIMBB,KL3L4,Urban,Non-public,A33,Standard,19.0
CIMBB,NV5M7,Urban,Non-public,A33,Standard,19.0
CIMBB,PBE3E,Urban,Non-public,A33,Standard,19.0
CIMBB,QB9ZX,Urban,Non-public,A33,Standard,19.0
CIMBB,SM22E,Urban,Non-public,A33,Standard,19.0
CIMBB,U2O2E,Urban,Non-public,A33,Standard,19.0
CIMBB,UOZAQ,Urban,Non-public,A33,Standard,19.0
CIMBB,XGJ6Y,Urban,Non-public,A33,Standard,19.0
CIMBB,Y0PR8,Urban,Non-public,A33,Standard,19.0
CIMBB,YB3AW,Urban,Non-public,A33,Standard,19.0
CIMBB,03T0E,Urban,Non-public,EID,Standard,21.0
CIMBB,13IGD,Urban,Non-public,EID,Standard,21.0
CIMBB,2BCEE,Urban,Non-public,EID,Standard,21.0
CIMBB,4RRBE,Urban,Non-public,EID,Standard,21.0
CIMBB,5RT1S,Urban,Non-public,EID,Standard,21.0
CIMBB,6MBC0,Urban,Non-public,EID,Standard,21.0
CIMBB,7T7C2,Urban,Non-public,EID,Standard,21.0
CIMBB,A90E3,Urban,Non-public,EID,Standard,21.0
CIMBB,C4WMS,Urban,Non-public,EID,Standard,21.0
CIMBB,DG5U0,Urban,Non-public,EID,Standard,21.0
CIMBB,H033K,Urban,Non-public,EID,Standard,21.0
CIMBB,HM7JY,Urban,Non-public,EID,Standard,21.0
CIMBB,IDT35,Urban,Non-public,EID,Standard,21.0
CIMBB,J8ME6,Urban,Non-public,EID,Standard,21.0
CIMBB,O9Z89,Urban,Non-public,EID,Standard,21.0
CIMBB,RZB93,Urban,Non-public,EID,Standard,21.0
CIMBB,THSH4,Urban,Non-public,EID,Standard,21.0
CIMBB,TLZHB,Urban,Non-public,EID,Standard,21.0
CIMBB,W6N8C,Urban,Non-public,EID,Standard,21.0
CIMBB,XGPLY,Urban,Non-public,EID,Standard,21.0
CIMBB,Z3KSE,Urban,Non-public,EID,Standard,21.0
CIMBB,1FA55,Urban,Non-public,HUJ,Experimental,17.0
CIMBB,3MV44,Urban,Non-public,HUJ,Experimental,17.0
CIMBB,4LM4Y,Urban,Non-public,HUJ,Experimental,17.0
CIMBB,792N5,Urban,Non-public,HUJ,Experimental,17.0
CIMBB,8TW6G,Urban,Non-public,HUJ,Experimental,17.0
CIMBB,9HA2N,Urban,Non-public,HUJ,Experimental,17.0
CIMBB,B8EP0,Urban,Non-public,HUJ,Experimental,17.0
CIMBB,BQ8E0,Urban,Non-public,HUJ,Experimental,17.0
CIMBB,E25O4,Urban,Non-public,HUJ,Experimental,17.0
CIMBB,IFRIJ,Urban,Non-public,HUJ,Experimental,17.0
CIMBB,IOQIU,Urban,Non-public,HUJ,Experimental,17.0
CIMBB,JGBZA,Urban,Non-public,HUJ,Experimental,17.0
CIMBB,JU9C5,Urban,Non-public,HUJ,Experimental,17.0
CIMBB,M0CLJ,Urban,Non-public,HUJ,Experimental,17.0
CIMBB,V69IG,Urban,Non-public,HUJ,Experimental,17.0
CIMBB,WY9TV,Urban,Non-public,HUJ,Experimental,17.0
CIMBB,XKSFM,Urban,Non-public,HUJ,Experimental,17.0
CIMBB,1C30U,Urban,Non-public,PC6,Standard,17.0
CIMBB,4XEXD,Urban,Non-public,PC6,Standard,17.0
CIMBB,7Z1S4,Urban,Non-public,PC6,Standard,17.0
CIMBB,8DR2M,Urban,Non-public,PC6,Standard,17.0
CIMBB,BO4NT,Urban,Non-public,PC6,Standard,17.0
CIMBB,DBPV7,Urban,Non-public,PC6,Standard,17.0
CIMBB,EQUU9,Urban,Non-public,PC6,Standard,17.0
CIMBB,ETDRG,Urban,Non-public,PC6,Standard,17.0
CIMBB,G8VM9,Urban,Non-public,PC6,Standard,17.0
CIMBB,GS9HH,Urban,Non-public,PC6,Standard,17.0
CIMBB,J4LOI,Urban,Non-public,PC6,Standard,17.0
CIMBB,K7YOS,Urban,Non-public,PC6,Standard,17.0
CIMBB,M2OMY,Urban,Non-public,PC6,Standard,17.0
CIMBB,P0F2W,Urban,Non-public,PC6,Standard,17.0
CIMBB,U6C5U,Urban,Non-public,PC6,Standard,17.0
CIMBB,VQ6PP,Urban,Non-public,PC6,Standard,17.0
CIMBB,XJPON,Urban,Non-public,PC6,Standard,17.0
CUQAM,14K8S,Urban,Public,1Q1,Standard,28.0
CUQAM,1V9FC,Urban,Public,1Q1,Standard,28.0
CUQAM,2NV1C,Urban,Public,1Q1,Standard,28.0
CUQAM,4TYX0,Urban,Public,1Q1,Standard,28.0
CUQAM,5HS69,Urban,Public,1Q1,Standard,28.0
CUQAM,6AEX4,Urban,Public,1Q1,Standard,28.0
CUQAM,6O48K,Urban,Public,1Q1,Standard,28.0
CUQAM,7R2Y4,Urban,Public,1Q1,Standard,28.0
CUQAM,82W8S,Urban,Public,1Q1,Standard,28.0
CUQAM,D4HCS,Urban,Public,1Q1,Standard,28.0
CUQAM,F0FIP,Urban,Public,1Q1,Standard,28.0
CUQAM,GK727,Urban,Public,1Q1,Standard,28.0
CUQAM,H9BKE,Urban,Public,1Q1,Standard,28.0
CUQAM,J82SA,Urban,Public,1Q1,Standard,28.0
CUQAM,K8KRE,Urban,Public,1Q1,Standard,28.0
CUQAM,KB2DJ,Urban,Public,1Q1,Standard,28.0
CUQAM,MMOCM,Urban,Public,1Q1,Standard,28.0
CUQAM,MQHOL,Urban,Public,1Q1,Standard,28.0
CUQAM,N2HZ8,Urban,Public,1Q1,Standard,28.0
CUQAM,PPWAC,Urban,Public,1Q1,Standard,28.0
CUQAM,REXA7,Urban,Public,1Q1,Standard,28.0
CUQAM,UCMFB,Urban,Public,1Q1,Standard,28.0
CUQAM,VIYQW,Urban,Public,1Q1,Standard,28.0
CUQAM,WCVWV,Urban,Public,1Q1,Standard,28.0
CUQAM,X0AOP,Urban,Public,1Q1,Standard,28.0
CUQAM,X94T8,Urban,Public,1Q1,Standard,28.0
CUQAM,XAV1J,Urban,Public,1Q1,Standard,28.0
CUQAM,YPIKD,Urban,Public,1Q1,Standard,28.0
CUQAM,3SRQL,Urban,Public,BFY,Standard,27.0
CUQAM,57N0B,Urban,Public,BFY,Standard,27.0
CUQAM,5VCT2,Urban,Public,BFY,Standard,27.0
CUQAM,6O5SV,Urban,Public,BFY,Standard,27.0
CUQAM,6Y2G7,Urban,Public,BFY,Standard,27.0
CUQAM,9UOCD,Urban,Public,BFY,Standard,27.0
CUQAM,BHDD2,Urban,Public,BFY,Standard,27.0
CUQAM,DEQXB,Urban,Public,BFY,Standard,27.0
CUQAM,DH29D,Urban,Public,BFY,Standard,27.0
CUQAM,E0NP5,Urban,Public,BFY,Standard,27.0
CUQAM,FIH1N,Urban,Public,BFY,Standard,27.0
CUQAM,FIXJF,Urban,Public,BFY,Standard,27.0
CUQAM,HFMAA,Urban,Public,BFY,Standard,27.0
CUQAM,IRVYC,Urban,Public,BFY,Standard,27.0
CUQAM,MIMX1,Urban,Public,BFY,Standard,27.0
CUQAM,NRU8N,Urban,Public,BFY,Standard,27.0
CUQAM,QMRNM,Urban,Public,BFY,Standard,27.0
CUQAM,QP6GN,Urban,Public,BFY,Standard,27.0
CUQAM,RLCLQ,Urban,Public,BFY,Standard,27.0
CUQAM,SOE2Z,Urban,Public,BFY,Standard,27.0
CUQAM,U11R6,Urban,Public,BFY,Standard,27.0
CUQAM,U55KC,Urban,Public,BFY,Standard,27.0
CUQAM,U6V9N,Urban,Public,BFY,Standard,27.0
CUQAM,UPA8M,Urban,Public,BFY,Standard,27.0
CUQAM,WCR6H,Urban,Public,BFY,Standard,27.0
CUQAM,WP4OE,Urban,Public,BFY,Standard,27.0
CUQAM,YV0HB,Urban,Public,BFY,Standard,27.0
CUQAM,0H9EO,Urban,Public,OMI,Standard,28.0
CUQAM,0WKXC,Urban,Public,OMI,Standard,28.0
CUQAM,0ZUZM,Urban,Public,OMI,Standard,28.0
CUQAM,1M80R,Urban,Public,OMI,Standard,28.0
CUQAM,2AT2K,Urban,Public,OMI,Standard,28.0
CUQAM,2EQ4L,Urban,Public,OMI,Standard,28.0
CUQAM,3ULUB,Urban,Public,OMI,Standard,28.0
CUQAM,6J5II,Urban,Public,OMI,Standard,28.0
CUQAM,703YR,Urban,Public,OMI,Standard,28.0
CUQAM,86RZK,Urban,Public,OMI,Standard,28.0
CUQAM,91U4U,Urban,Public,OMI,Standard,28.0
CUQAM,AYOIP,Urban,Public,OMI,Standard,28.0
CUQAM,BW158,Urban,Public,OMI,Standard,28.0
CUQAM,CFA02,Urban,Public,OMI,Standard,28.0
CUQAM,GHNH4,Urban,Public,OMI,Standard,28.0
CUQAM,I1E36,Urban,Public,OMI,Standard,28.0
CUQAM,J9O6H,Urban,Public,OMI,Standard,28.0
CUQAM,N3DMQ,Urban,Public,OMI,Standard,28.0
CUQAM,OBJSU,Urban,Public,OMI,Standard,28.0
CUQAM,PDDSN,Urban,Public,OMI,Standard,28.0
CUQAM,PZFMC,Urban,Public,OMI,Standard,28.0
CUQAM,R8YXZ,Urban,Public,OMI,Standard,28.0
CUQAM,RHZI6,Urban,Public,OMI,Standard,28.0
CUQAM,THIFD,Urban,Public,OMI,Standard,28.0
CUQAM,TNGFN,Urban,Public,OMI,Standard,28.0
CUQAM,U3GC0,Urban,Public,OMI,Standard,28.0
CUQAM,Y7CIO,Urban,Public,OMI,Standard,28.0
CUQAM,YSEBW,Urban,Public,OMI,Standard,28.0
CUQAM,5Z1Q8,Urban,Public,X6Z,Experimental,24.0
CUQAM,6PQH8,Urban,Public,X6Z,Experimental,24.0
CUQAM,B4YM5,Urban,Public,X6Z,Experimental,24.0
CUQAM,C8YUM,Urban,Public,X6Z,Experimental,24.0
CUQAM,CRV86,Urban,Public,X6Z,Experimental,24.0
CUQAM,D4BUO,Urban,Public,X6Z,Experimental,24.0
CUQAM,HCBLB,Urban,Public,X6Z,Experimental,24.0
CUQAM,JGOV7,Urban,Public,X6Z,Experimental,24.0
CUQAM,JME0Z,Urban,Public,X6Z,Experimental,24.0
CUQAM,K3IZ6,Urban,Public,X6Z,Experimental,24.0
CUQAM,NIJP6,Urban,Public,X6Z,Experimental,24.0
CUQAM,PGFCX,Urban,Public,X6Z,Experimental,24.0
CUQAM,QCW77,Urban,Public,X6Z,Experimental,24.0
CUQAM,QLAXV,Urban,Public,X6Z,Experimental,24.0
CUQAM,RLE9C,Urban,Public,X6Z,Experimental,24.0
CUQAM,S1U43,Urban,Public,X6Z,Experimental,24.0
CUQAM,SZDD5,Urban,Public,X6Z,Experimental,24.0
CUQAM,TMC4V,Urban,Public,X6Z,Experimental,24.0
CUQAM,TNGPD,Urban,Public,X6Z,Experimental,24.0
CUQAM,TT9MG,Urban,Public,X6Z,Experimental,24.0
CUQAM,UHE7N,Urban,Public,X6Z,Experimental,24.0
CUQAM,UM6YP,Urban,Public,X6Z,Experimental,24.0
CUQAM,X006R,Urban,Public,X6Z,Experimental,24.0
CUQAM,Y7KJM,Urban,Public,X6Z,Experimental,24.0
DNQDD,1K0Q5,Suburban,Public,2AP,Standard,27.0
DNQDD,338XH,Suburban,Public,2AP,Standard,27.0
DNQDD,378BQ,Suburban,Public,2AP,Standard,27.0
DNQDD,3BGFW,Suburban,Public,2AP,Standard,27.0
DNQDD,4ZRL3,Suburban,Public,2AP,Standard,27.0
DNQDD,56UMG,Suburban,Public,2AP,Standard,27.0
DNQDD,5UWDZ,Suburban,Public,2AP,Standard,27.0
DNQDD,8PAMX,Suburban,Public,2AP,Standard,27.0
DNQDD,96ZIU,Suburban,Public,2AP,Standard,27.0
DNQDD,DBJRW,Suburban,Public,2AP,Standard,27.0
DNQDD,DCVI8,Suburban,Public,2AP,Standard,27.0
DNQDD,E178W,Suburban,Public,2AP,Standard,27.0
DNQDD,EDR5K,Suburban,Public,2AP,Standard,27.0
DNQDD,IRU9S,Suburban,Public,2AP,Standard,27.0
DNQDD,JIPLL,Suburban,Public,2AP,Standard,27.0
DNQDD,MH6W5,Suburban,Public,2AP,Standard,27.0
DNQDD,N1ICX,Suburban,Public,2AP,Standard,27.0
DNQDD,QFID8,Suburban,Public,2AP,Standard,27.0
DNQDD,RYRXG,Suburban,Public,2AP,Standard,27.0
DNQDD,T0TIH,Suburban,Public,2AP,Standard,27.0
DNQDD,U086J,Suburban,Public,2AP,Standard,27.0
DNQDD,U0TQQ,Suburban,Public,2AP,Standard,27.0
DNQDD,UIM0F,Suburban,Public,2AP,Standard,27.0
DNQDD,UPBA8,Suburban,Public,2AP,Standard,27.0
DNQDD,VJQL3,Suburban,Public,2AP,Standard,27.0
DNQDD,X7YLX,Suburban,Public,2AP,Standard,27.0
DNQDD,Y2RWV,Suburban,Public,2AP,Standard,27.0
DNQDD,02WIH,Suburban,Public,PW5,Experimental,20.0
DNQDD,0VR4J,Suburban,Public,PW5,Experimental,20.0
DNQDD,1IEF0,Suburban,Public,PW5,Experimental,20.0
DNQDD,1M9UM,Suburban,Public,PW5,Experimental,20.0
DNQDD,2OI79,Suburban,Public,PW5,Experimental,20.0
DNQDD,463P7,Suburban,Public,PW5,Experimental,20.0
DNQDD,4HD3D,Suburban,Public,PW5,Experimental,20.0
DNQDD,6RFGN,Suburban,Public,PW5,Experimental,20.0
DNQDD,6TTZY,Suburban,Public,PW5,Experimental,20.0
DNQDD,6XLGF,Suburban,Public,PW5,Experimental,20.0
DNQDD,E7VFK,Suburban,Public,PW5,Experimental,20.0
DNQDD,GO92G,Suburban,Public,PW5,Experimental,20.0
DNQDD,GUEXC,Suburban,Public,PW5,Experimental,20.0
DNQDD,MP2DL,Suburban,Public,PW5,Experimental,20.0
DNQDD,UBDCF,Suburban,Public,PW5,Experimental,20.0
DNQDD,VWNJ9,Suburban,Public,PW5,Experimental,20.0
DNQDD,XN65F,Suburban,Public,PW5,Experimental,20.0
DNQDD,Y4LA5,Suburban,Public,PW5,Experimental,20.0
DNQDD,YM3NK,Suburban,Public,PW5,Experimental,20.0
DNQDD,ZR1KH,Suburban,Public,PW5,Experimental,20.0
DNQDD,0KSLY,Suburban,Public,ROP,Experimental,28.0
DNQDD,34LDX,Suburban,Public,ROP,Experimental,28.0
DNQDD,39EA1,Suburban,Public,ROP,Experimental,28.0
DNQDD,5CQ0N,Suburban,Public,ROP,Experimental,28.0
DNQDD,5SLAY,Suburban,Public,ROP,Experimental,28.0
DNQDD,7HDEV,Suburban,Public,ROP,Experimental,28.0
DNQDD,831D6,Suburban,Public,ROP,Experimental,28.0
DNQDD,889HH,Suburban,Public,ROP,Experimental,28.0
DNQDD,B6VQP,Suburban,Public,ROP,Experimental,28.0
DNQDD,H0CGC,Suburban,Public,ROP,Experimental,28.0
DNQDD,JAQ11,Suburban,Public,ROP,Experimental,28.0
DNQDD,JZRVJ,Suburban,Public,ROP,Experimental,28.0
DNQDD,KCJ9W,Suburban,Public,ROP,Experimental,28.0
DNQDD,L0UG9,Suburban,Public,ROP,Experimental,28.0
DNQDD,MGJ90,Suburban,Public,ROP,Experimental,28.0
DNQDD,MR2T1,Suburban,Public,ROP,Experimental,28.0
DNQDD,N3LL6,Suburban,Public,ROP,Experimental,28.0
DNQDD,OA8PY,Suburban,Public,ROP,Experimental,28.0
DNQDD,PXXNX,Suburban,Public,ROP,Experimental,28.0
DNQDD,S7G9W,Suburban,Public,ROP,Experimental,28.0
DNQDD,SJEG2,Suburban,Public,ROP,Experimental,28.0
DNQDD,VG2OX,Suburban,Public,ROP,Experimental,28.0
DNQDD,VJ7SW,Suburban,Public,ROP,Experimental,28.0
DNQDD,XLDOH,Suburban,Public,ROP,Experimental,28.0
DNQDD,XWMAD,Suburban,Public,ROP,Experimental,28.0
DNQDD,YC05X,Suburban,Public,ROP,Experimental,28.0
DNQDD,ZFT9J,Suburban,Public,ROP,Experimental,28.0
DNQDD,ZJ61P,Suburban,Public,ROP,Experimental,28.0
DNQDD,2QC96,Suburban,Public,ST7,Standard,20.0
DNQDD,70S7T,Suburban,Public,ST7,Standard,20.0
DNQDD,8K2VR,Suburban,Public,ST7,Standard,20.0
DNQDD,98B8A,Suburban,Public,ST7,Standard,20.0
DNQDD,99KK2,Suburban,Public,ST7,Standard,20.0
DNQDD,A5BS4,Suburban,Public,ST7,Standard,20.0
DNQDD,F99D8,Suburban,Public,ST7,Standard,20.0
DNQDD,G88DV,Suburban,Public,ST7,Standard,20.0
DNQDD,I9OJV,Suburban,Public,ST7,Standard,20.0
DNQDD,JIMD2,Suburban,Public,ST7,Standard,20.0
DNQDD,JMTOQ,Suburban,Public,ST7,Standard,20.0
DNQDD,LKACN,Suburban,Public,ST7,Standard,20.0
DNQDD,M7XQV,Suburban,Public,ST7,Standard,20.0
DNQDD,MEM4Z,Suburban,Public,ST7,Standard,20.0
DNQDD,OJLP8,Suburban,Public,ST7,Standard,20.0
DNQDD,OX7PB,Suburban,Public,ST7,Standard,20.0
DNQDD,PIYL8,Suburban,Public,ST7,Standard,20.0
DNQDD,SPIWM,Suburban,Public,ST7,Standard,20.0
DNQDD,VD06X,Suburban,Public,ST7,Standard,20.0
DNQDD,YLFY8,Suburban,Public,ST7,Standard,20.0
DNQDD,6K4DK,Suburban,Public,XXJ,Standard,27.0
DNQDD,8NGSI,Suburban,Public,XXJ,Standard,27.0
DNQDD,9GYWF,Suburban,Public,XXJ,Standard,27.0
DNQDD,B8ZPI,Suburban,Public,XXJ,Standard,27.0
DNQDD,B9J7D,Suburban,Public,XXJ,Standard,27.0
DNQDD,BKV9M,Suburban,Public,XXJ,Standard,27.0
DNQDD,D18ZU,Suburban,Public,XXJ,Standard,27.0
DNQDD,E6Q1J,Suburban,Public,XXJ,Standard,27.0
DNQDD,F8Q67,Suburban,Public,XXJ,Standard,27.0
DNQDD,FWYBW,Suburban,Public,XXJ,Standard,27.0
DNQDD,G3GYE,Suburban,Public,XXJ,Standard,27.0
DNQDD,HEIPF,Suburban,Public,XXJ,Standard,27.0
DNQDD,HEOZU,Suburban,Public,XXJ,Standard,27.0
DNQDD,IXYC5,Suburban,Public,XXJ,Standard,27.0
DNQDD,JZYO3,Suburban,Public,XXJ,Standard,27.0
DNQDD,LMU2D,Suburban,Public,XXJ,Standard,27.0
DNQDD,NHYYZ,Suburban,Public,XXJ,Standard,27.0
DNQDD,NR8JR,Suburban,Public,XXJ,Standard,27.0
DNQDD,O2EGZ,Suburban,Public,XXJ,Standard,27.0
DNQDD,OKESX,Suburban,Public,XXJ,Standard,27.0
DNQDD,RV35S,Suburban,Public,XXJ,Standard,27.0
DNQDD,RVEQB,Suburban,Public,XXJ,Standard,27.0
DNQDD,SVLAT,Suburban,Public,XXJ,Standard,27.0
DNQDD,SZ7BS,Suburban,Public,XXJ,Standard,27.0
DNQDD,WLH9L,Suburban,Public,XXJ,Standard,27.0
DNQDD,Y2Z8M,Suburban,Public,XXJ,Standard,27.0
DNQDD,Z7PUC,Suburban,Public,XXJ,Standard,27.0
FBUMG,25M8Y,Rural,Non-public,197,Experimental,14.0
FBUMG,3234W,Rural,Non-public,197,Experimental,14.0
FBUMG,3431D,Rural,Non-public,197,Experimental,14.0
FBUMG,A3RYU,Rural,Non-public,197,Experimental,14.0
FBUMG,ARW1X,Rural,Non-public,197,Experimental,14.0
FBUMG,BZ38P,Rural,Non-public,197,Experimental,14.0
FBUMG,FNZ5V,Rural,Non-public,197,Experimental,14.0
FBUMG,H4WWF,Rural,Non-public,197,Experimental,14.0
FBUMG,HDPCP,Rural,Non-public,197,Experimental,14.0
FBUMG,KJGKN,Rural,Non-public,197,Experimental,14.0
FBUMG,S56V4,Rural,Non-public,197,Experimental,14.0
FBUMG,VMM7O,Rural,Non-public,197,Experimental,14.0
FBUMG,Y9W00,Rural,Non-public,197,Experimental,14.0
FBUMG,Z5DTY,Rural,Non-public,197,Experimental,14.0
FBUMG,04DG5,Rural,Non-public,5LQ,Experimental,18.0
FBUMG,20M2D,Rural,Non-public,5LQ,Experimental,18.0
FBUMG,39KCW,Rural,Non-public,5LQ,Experimental,18.0
FBUMG,5Z1B6,Rural,Non-public,5LQ,Experimental,18.0
FBUMG,6TLU8,Rural,Non-public,5LQ,Experimental,18.0
FBUMG,ATQQJ,Rural,Non-public,5LQ,Experimental,18.0
FBUMG,AYEU1,Rural,Non-public,5LQ,Experimental,18.0
FBUMG,B9FSU,Rural,Non-public,5LQ,Experimental,18.0
FBUMG,EV13K,Rural,Non-public,5LQ,Experimental,18.0
FBUMG,I5H37,Rural,Non-public,5LQ,Experimental,18.0
FBUMG,JC5I9,Rural,Non-public,5LQ,Experimental,18.0
FBUMG,JPE2J,Rural,Non-public,5LQ,Experimental,18.0
FBUMG,MFBYU,Rural,Non-public,5LQ,Experimental,18.0
FBUMG,O144X,Rural,Non-public,5LQ,Experimental,18.0
FBUMG,OGKP3,Rural,Non-public,5LQ,Experimental,18.0
FBUMG,UMFI7,Rural,Non-public,5LQ,Experimental,18.0
FBUMG,V1DNJ,Rural,Non-public,5LQ,Experimental,18.0
FBUMG,YRN9S,Rural,Non-public,5LQ,Experimental,18.0
FBUMG,07R5Z,Rural,Non-public,JGD,Experimental,14.0
FBUMG,39K0Q,Rural,Non-public,JGD,Experimental,14.0
FBUMG,3BUJG,Rural,Non-public,JGD,Experimental,14.0
FBUMG,7PML3,Rural,Non-public,JGD,Experimental,14.0
FBUMG,8FLEP,Rural,Non-public,JGD,Experimental,14.0
FBUMG,95X1X,Rural,Non-public,JGD,Experimental,14.0
FBUMG,IW48S,Rural,Non-public,JGD,Experimental,14.0
FBUMG,K0K0N,Rural,Non-public,JGD,Experimental,14.0
FBUMG,NU48M,Rural,Non-public,JGD,Experimental,14.0
FBUMG,OE2B4,Rural,Non-public,JGD,Experimental,14.0
FBUMG,UUSTB,Rural,Non-public,JGD,Experimental,14.0
FBUMG,VK6OF,Rural,Non-public,JGD,Experimental,14.0
FBUMG,XK8M9,Rural,Non-public,JGD,Experimental,14.0
FBUMG,Y9GZZ,Rural,Non-public,JGD,Experimental,14.0
GJJHK,34ANF,Suburban,Public,HCB,Standard,22.0
GJJHK,40S5U,Suburban,Public,HCB,Standard,22.0
GJJHK,4GUP5,Suburban,Public,HCB,Standard,22.0
GJJHK,7JBMI,Suburban,Public,HCB,Standard,22.0
GJJHK,7KY71,Suburban,Public,HCB,Standard,22.0
GJJHK,8EZAA,Suburban,Public,HCB,Standard,22.0
GJJHK,9P75A,Suburban,Public,HCB,Standard,22.0
GJJHK,AIU1M,Suburban,Public,HCB,Standard,22.0
GJJHK,CT443,Suburban,Public,HCB,Standard,22.0
GJJHK,EH504,Suburban,Public,HCB,Standard,22.0
GJJHK,EUYRP,Suburban,Public,HCB,Standard,22.0
GJJHK,F25BI,Suburban,Public,HCB,Standard,22.0
GJJHK,I7CCK,Suburban,Public,HCB,Standard,22.0
GJJHK,IZMFR,Suburban,Public,HCB,Standard,22.0
GJJHK,KEQ3F,Suburban,Public,HCB,Standard,22.0
GJJHK,LH25F,Suburban,Public,HCB,Standard,22.0
GJJHK,LM4OR,Suburban,Public,HCB,Standard,22.0
GJJHK,P3N7B,Suburban,Public,HCB,Standard,22.0
GJJHK,PFAAM,Suburban,Public,HCB,Standard,22.0
GJJHK,RX0B1,Suburban,Public,HCB,Standard,22.0
GJJHK,S8IFL,Suburban,Public,HCB,Standard,22.0
GJJHK,UXH3Z,Suburban,Public,HCB,Standard,22.0
GJJHK,0NJH4,Suburban,Public,NOR,Experimental,27.0
GJJHK,4MEAA,Suburban,Public,NOR,Experimental,27.0
GJJHK,4RJ6D,Suburban,Public,NOR,Experimental,27.0
GJJHK,5X4KE,Suburban,Public,NOR,Experimental,27.0
GJJHK,71A2K,Suburban,Public,NOR,Experimental,27.0
GJJHK,72VS3,Suburban,Public,NOR,Experimental,27.0
GJJHK,7812G,Suburban,Public,NOR,Experimental,27.0
GJJHK,7QOXC,Suburban,Public,NOR,Experimental,27.0
GJJHK,9Z43Y,Suburban,Public,NOR,Experimental,27.0
GJJHK,AWC27,Suburban,Public,NOR,Experimental,27.0
GJJHK,B9JUN,Suburban,Public,NOR,Experimental,27.0
GJJHK,BVRKY,Suburban,Public,NOR,Experimental,27.0
GJJHK,CGV37,Suburban,Public,NOR,Experimental,27.0
GJJHK,CNEYB,Suburban,Public,NOR,Experimental,27.0
GJJHK,DUG1A,Suburban,Public,NOR,Experimental,27.0
GJJHK,FBVVD,Suburban,Public,NOR,Experimental,27.0
GJJHK,I0L86,Suburban,Public,NOR,Experimental,27.0
GJJHK,I30XE,Suburban,Public,NOR,Experimental,27.0
GJJHK,JH2PX,Suburban,Public,NOR,Experimental,27.0
GJJHK,PNO97,Suburban,Public,NOR,Experimental,27.0
GJJHK,QZJWC,Suburban,Public,NOR,Experimental,27.0
GJJHK,RUPTX,Suburban,Public,NOR,Experimental,27.0
GJJHK,TMN52,Suburban,Public,NOR,Experimental,27.0
GJJHK,WPYXQ,Suburban,Public,NOR,Experimental,27.0
GJJHK,YPLB7,Suburban,Public,NOR,Experimental,27.0
GJJHK,ZH0UC,Suburban,Public,NOR,Experimental,27.0
GJJHK,ZLIIF,Suburban,Public,NOR,Experimental,27.0
GJJHK,0YINX,Suburban,Public,X78,Standard,21.0
GJJHK,1X80E,Suburban,Public,X78,Standard,21.0
GJJHK,42M64,Suburban,Public,X78,Standard,21.0
GJJHK,4EPVT,Suburban,Public,X78,Standard,21.0
GJJHK,6TS1O,Suburban,Public,X78,Standard,21.0
GJJHK,7X7KI,Suburban,Public,X78,Standard,21.0
GJJHK,AX6YY,Suburban,Public,X78,Standard,21.0
GJJHK,CZSGJ,Suburban,Public,X78,Standard,21.0
GJJHK,IJKWF,Suburban,Public,X78,Standard,21.0
GJJHK,ILS1W,Suburban,Public,X78,Standard,21.0
GJJHK,KUH3Q,Suburban,Public,X78,Standard,21.0
GJJHK,LFC9U,Suburban,Public,X78,Standard,21.0
GJJHK,MIGU8,Suburban,Public,X78,Standard,21.0
GJJHK,MMT5M,Suburban,Public,X78,Standard,21.0
GJJHK,R1PZ7,Suburban,Public,X78,Standard,21.0
GJJHK,RWS2C,Suburban,Public,X78,Standard,21.0
GJJHK,SJ05X,Suburban,Public,X78,Standard,21.0
GJJHK,USMBE,Suburban,Public,X78,Standard,21.0
GJJHK,W1RIV,Suburban,Public,X78,Standard,21.0
GJJHK,ZJ7VU,Suburban,Public,X78,Standard,21.0
GJJHK,ZJHIT,Suburban,Public,X78,Standard,21.0
GJJHK,0G5ME,Suburban,Public,YUC,Standard,21.0
GJJHK,0TIVQ,Suburban,Public,YUC,Standard,21.0
GJJHK,3RFLZ,Suburban,Public,YUC,Standard,21.0
GJJHK,5TM1N,Suburban,Public,YUC,Standard,21.0
GJJHK,73BV7,Suburban,Public,YUC,Standard,21.0
GJJHK,7K35Q,Suburban,Public,YUC,Standard,21.0
GJJHK,7SD9P,Suburban,Public,YUC,Standard,21.0
GJJHK,8D526,Suburban,Public,YUC,Standard,21.0
GJJHK,9S1OP,Suburban,Public,YUC,Standard,21.0
GJJHK,DZP4C,Suburban,Public,YUC,Standard,21.0
GJJHK,F3VMF,Suburban,Public,YUC,Standard,21.0
GJJHK,FYE5C,Suburban,Public,YUC,Standard,21.0
GJJHK,K3DEI,Suburban,Public,YUC,Standard,21.0
GJJHK,K6QF7,Suburban,Public,YUC,Standard,21.0
GJJHK,M14K7,Suburban,Public,YUC,Standard,21.0
GJJHK,N1YBR,Suburban,Public,YUC,Standard,21.0
GJJHK,O6C2E,Suburban,Public,YUC,Standard,21.0
GJJHK,P259Z,Suburban,Public,YUC,Standard,21.0
GJJHK,QUOMH,Suburban,Public,YUC,Standard,21.0
GJJHK,RT30S,Suburban,Public,YUC,Standard,21.0
GJJHK,S85CT,Suburban,Public,YUC,Standard,21.0
GJJHK,1AP9Z,Suburban,Public,ZDT,Standard,27.0
GJJHK,2WHU2,Suburban,Public,ZDT,Standard,27.0
GJJHK,74BU8,Suburban,Public,ZDT,Standard,27.0
GJJHK,79WZ1,Suburban,Public,ZDT,Standard,27.0
GJJHK,7ZTHI,Suburban,Public,ZDT,Standard,27.0
GJJHK,8FPNB,Suburban,Public,ZDT,Standard,27.0
GJJHK,B1OMF,Suburban,Public,ZDT,Standard,27.0
GJJHK,BED44,Suburban,Public,ZDT,Standard,27.0
GJJHK,CL6FV,Suburban,Public,ZDT,Standard,27.0
GJJHK,DXOUM,Suburban,Public,ZDT,Standard,27.0
GJJHK,EPWXS,Suburban,Public,ZDT,Standard,27.0
GJJHK,FIRGN,Suburban,Public,ZDT,Standard,27.0
GJJHK,FZMZP,Suburban,Public,ZDT,Standard,27.0
GJJHK,GI2EF,Suburban,Public,ZDT,Standard,27.0
GJJHK,HKS1U,Suburban,Public,ZDT,Standard,27.0
GJJHK,K0K0A,Suburban,Public,ZDT,Standard,27.0
GJJHK,K6ZPT,Suburban,Public,ZDT,Standard,27.0
GJJHK,L8312,Suburban,Public,ZDT,Standard,27.0
GJJHK,LB2TH,Suburban,Public,ZDT,Standard,27.0
GJJHK,ND7EU,Suburban,Public,ZDT,Standard,27.0
GJJHK,O8YKS,Suburban,Public,ZDT,Standard,27.0
GJJHK,SPPI3,Suburban,Public,ZDT,Standard,27.0
GJJHK,U2EMB,Suburban,Public,ZDT,Standard,27.0
GJJHK,UKJAZ,Suburban,Public,ZDT,Standard,27.0
GJJHK,VKH07,Suburban,Public,ZDT,Standard,27.0
GJJHK,W5NUO,Suburban,Public,ZDT,Standard,27.0
GJJHK,XRD78,Suburban,Public,ZDT,Standard,27.0
GOKXL,4KZTB,Rural,Public,ENO,Experimental,22.0
GOKXL,73OKF,Rural,Public,ENO,Experimental,22.0
GOKXL,7GLHH,Rural,Public,ENO,Experimental,22.0
GOKXL,7PFTS,Rural,Public,ENO,Experimental,22.0
GOKXL,86R4S,Rural,Public,ENO,Experimental,22.0
GOKXL,99V7R,Rural,Public,ENO,Experimental,22.0
GOKXL,9TO9F,Rural,Public,ENO,Experimental,22.0
GOKXL,B5Y1R,Rural,Public,ENO,Experimental,22.0
GOKXL,BVRN8,Rural,Public,ENO,Experimental,22.0
GOKXL,C9ZJQ,Rural,Public,ENO,Experimental,22.0
GOKXL,DNCDV,Rural,Public,ENO,Experimental,22.0
GOKXL,GK1Q3,Rural,Public,ENO,Experimental,22.0
GOKXL,HCOHF,Rural,Public,ENO,Experimental,22.0
GOKXL,K2N0T,Rural,Public,ENO,Experimental,22.0
GOKXL,KI2M3,Rural,Public,ENO,Experimental,22.0
GOKXL,NK5EF,Rural,Public,ENO,Experimental,22.0
GOKXL,PLX9B,Rural,Public,ENO,Experimental,22.0
GOKXL,RFVK8,Rural,Public,ENO,Experimental,22.0
GOKXL,RTGSE,Rural,Public,ENO,Experimental,22.0
GOKXL,SQBOO,Rural,Public,ENO,Experimental,22.0
GOKXL,UPAJX,Rural,Public,ENO,Experimental,22.0
GOKXL,YSVSY,Rural,Public,ENO,Experimental,22.0
GOKXL,1990J,Rural,Public,TSA,Experimental,23.0
GOKXL,2UYFR,Rural,Public,TSA,Experimental,23.0
GOKXL,31EAI,Rural,Public,TSA,Experimental,23.0
GOKXL,5H30M,Rural,Public,TSA,Experimental,23.0
GOKXL,6THJV,Rural,Public,TSA,Experimental,23.0
GOKXL,8GKA1,Rural,Public,TSA,Experimental,23.0
GOKXL,B7ZPX,Rural,Public,TSA,Experimental,23.0
GOKXL,CESCR,Rural,Public,TSA,Experimental,23.0
GOKXL,DZLHN,Rural,Public,TSA,Experimental,23.0
GOKXL,EJH9S,Rural,Public,TSA,Experimental,23.0
GOKXL,ENASL,Rural,Public,TSA,Experimental,23.0
GOKXL,GVLVE,Rural,Public,TSA,Experimental,23.0
GOKXL,H6KJ5,Rural,Public,TSA,Experimental,23.0
GOKXL,JHKPJ,Rural,Public,TSA,Experimental,23.0
GOKXL,JX1DB,Rural,Public,TSA,Experimental,23.0
GOKXL,L1D2K,Rural,Public,TSA,Experimental,23.0
GOKXL,LBNRH,Rural,Public,TSA,Experimental,23.0
GOKXL,NRU3S,Rural,Public,TSA,Experimental,23.0
GOKXL,PUU4A,Rural,Public,TSA,Experimental,23.0
GOKXL,QOXPF,Rural,Public,TSA,Experimental,23.0
GOKXL,R4P1G,Rural,Public,TSA,Experimental,23.0
GOKXL,XHFUX,Rural,Public,TSA,Experimental,23.0
GOKXL,ZRYLC,Rural,Public,TSA,Experimental,23.0
GOKXL,0YXPR,Rural,Public,VA6,Standard,19.0
GOKXL,1QIW0,Rural,Public,VA6,Standard,19.0
GOKXL,1SDXS,Rural,Public,VA6,Standard,19.0
GOKXL,6BFD2,Rural,Public,VA6,Standard,19.0
GOKXL,876R0,Rural,Public,VA6,Standard,19.0
GOKXL,APD4B,Rural,Public,VA6,Standard,19.0
GOKXL,AXE5J,Rural,Public,VA6,Standard,19.0
GOKXL,BPVY4,Rural,Public,VA6,Standard,19.0
GOKXL,BR5EY,Rural,Public,VA6,Standard,19.0
GOKXL,CR5FB,Rural,Public,VA6,Standard,19.0
GOKXL,IJPLC,Rural,Public,VA6,Standard,19.0
GOKXL,M5UK3,Rural,Public,VA6,Standard,19.0
GOKXL,MOCJB,Rural,Public,VA6,Standard,19.0
GOKXL,R8JLM,Rural,Public,VA6,Standard,19.0
GOKXL,RTKNR,Rural,Public,VA6,Standard,19.0
GOKXL,TME5H,Rural,Public,VA6,Standard,19.0
GOKXL,WUYJ3,Rural,Public,VA6,Standard,19.0
GOKXL,YT5M3,Rural,Public,VA6,Standard,19.0
GOKXL,Z2T0F,Rural,Public,VA6,Standard,19.0
GOOBU,0KZS6,Urban,Public,18K,Standard,31.0
GOOBU,3XNVR,Urban,Public,18K,Standard,31.0
GOOBU,4MTC1,Urban,Public,18K,Standard,31.0
GOOBU,7QOXV,Urban,Public,18K,Standard,31.0
GOOBU,AQCB5,Urban,Public,18K,Standard,31.0
GOOBU,BGPAQ,Urban,Public,18K,Standard,31.0
GOOBU,BV3MI,Urban,Public,18K,Standard,31.0
GOOBU,BXPDJ,Urban,Public,18K,Standard,31.0
GOOBU,F1JQ8,Urban,Public,18K,Standard,31.0
GOOBU,FW95I,Urban,Public,18K,Standard,31.0
GOOBU,G1R40,Urban,Public,18K,Standard,31.0
GOOBU,H02VP,Urban,Public,18K,Standard,31.0
GOOBU,JQ4OT,Urban,Public,18K,Standard,31.0
GOOBU,K8AKM,Urban,Public,18K,Standard,31.0
GOOBU,KHMUC,Urban,Public,18K,Standard,31.0
GOOBU,N1N93,Urban,Public,18K,Standard,31.0
GOOBU,NT35W,Urban,Public,18K,Standard,31.0
GOOBU,P6MIL,Urban,Public,18K,Standard,31.0
GOOBU,PLN0Y,Urban,Public,18K,Standard,31.0
GOOBU,T72EG,Urban,Public,18K,Standard,31.0
GOOBU,U46W3,Urban,Public,18K,Standard,31.0
GOOBU,V3J4V,Urban,Public,18K,Standard,31.0
GOOBU,VIVT4,Urban,Public,18K,Standard,31.0
GOOBU,VMAIX,Urban,Public,18K,Standard,31.0
GOOBU,X01MT,Urban,Public,18K,Standard,31.0
GOOBU,X1KJ2,Urban,Public,18K,Standard,31.0
GOOBU,XVQ6F,Urban,Public,18K,Standard,31.0
GOOBU,YVDVY,Urban,Public,18K,Standard,31.0
GOOBU,YW9AS,Urban,Public,18K,Standard,31.0
GOOBU,ZAUS9,Urban,Public,18K,Standard,31.0
GOOBU,ZLJJG,Urban,Public,18K,Standard,31.0
GOOBU,11I5O,Urban,Public,CXC,Standard,24.0
GOOBU,2G98P,Urban,Public,CXC,Standard,24.0
GOOBU,3EO9U,Urban,Public,CXC,Standard,24.0
GOOBU,3JJUP,Urban,Public,CXC,Standard,24.0
GOOBU,7X0DK,Urban,Public,CXC,Standard,24.0
GOOBU,8AP2H,Urban,Public,CXC,Standard,24.0
GOOBU,CF84B,Urban,Public,CXC,Standard,24.0
GOOBU,DVU8C,Urban,Public,CXC,Standard,24.0
GOOBU,F4L64,Urban,Public,CXC,Standard,24.0
GOOBU,GXVMO,Urban,Public,CXC,Standard,24.0
GOOBU,HPY7B,Urban,Public,CXC,Standard,24.0
GOOBU,ITHSP,Urban,Public,CXC,Standard,24.0
GOOBU,IXGKA,Urban,Public,CXC,Standard,24.0
GOOBU,J65X1,Urban,Public,CXC,Standard,24.0
GOOBU,JQC0G,Urban,Public,CXC,Standard,24.0
GOOBU,JQPK7,Urban,Public,CXC,Standard,24.0
GOOBU,JX5I4,Urban,Public,CXC,Standard,24.0
GOOBU,KSX2Y,Urban,Public,CXC,Standard,24.0
GOOBU,QUDU5,Urban,Public,CXC,Standard,24.0
GOOBU,S5SBH,Urban,Public,CXC,Standard,24.0
GOOBU,UPVQB,Urban,Public,CXC,Standard,24.0
GOOBU,Y1CCJ,Urban,Public,CXC,Standard,24.0
GOOBU,YSJ06,Urban,Public,CXC,Standard,24.0
GOOBU,ZCA7A,Urban,Public,CXC,Standard,24.0
GOOBU,09J0H,Urban,Public,HKF,Standard,28.0
GOOBU,5FVZF,Urban,Public,HKF,Standard,28.0
GOOBU,6GLIV,Urban,Public,HKF,Standard,28.0
GOOBU,76TQY,Urban,Public,HKF,Standard,28.0
GOOBU,78IT6,Urban,Public,HKF,Standard,28.0
GOOBU,85XTO,Urban,Public,HKF,Standard,28.0
GOOBU,8BONX,Urban,Public,HKF,Standard,28.0
GOOBU,8LIDQ,Urban,Public,HKF,Standard,28.0
GOOBU,C5QDD,Urban,Public,HKF,Standard,28.0
GOOBU,ESWTA,Urban,Public,HKF,Standard,28.0
GOOBU,ET5M9,Urban,Public,HKF,Standard,28.0
GOOBU,G7UZ5,Urban,Public,HKF,Standard,28.0
GOOBU,I6HEI,Urban,Public,HKF,Standard,28.0
GOOBU,JR3ZP,Urban,Public,HKF,Standard,28.0
GOOBU,LRVKJ,Urban,Public,HKF,Standard,28.0
GOOBU,LTIOX,Urban,Public,HKF,Standard,28.0
GOOBU,LW21L,Urban,Public,HKF,Standard,28.0
GOOBU,M78WF,Urban,Public,HKF,Standard,28.0
GOOBU,P4SN4,Urban,Public,HKF,Standard,28.0
GOOBU,T7HV4,Urban,Public,HKF,Standard,28.0
GOOBU,TJ7G8,Urban,Public,HKF,Standard,28.0
GOOBU,UG0VP,Urban,Public,HKF,Standard,28.0
GOOBU,UJQR2,Urban,Public,HKF,Standard,28.0
GOOBU,UVLBR,Urban,Public,HKF,Standard,28.0
GOOBU,W20C6,Urban,Public,HKF,Standard,28.0
GOOBU,Y7AXC,Urban,Public,HKF,Standard,28.0
GOOBU,ZC4LX,Urban,Public,HKF,Standard,28.0
GOOBU,ZDEIJ,Urban,Public,HKF,Standard,28.0
GOOBU,0DXGZ,Urban,Public,PBA,Standard,24.0
GOOBU,0OW7I,Urban,Public,PBA,Standard,24.0
GOOBU,1DA31,Urban,Public,PBA,Standard,24.0
GOOBU,1GWDJ,Urban,Public,PBA,Standard,24.0
GOOBU,2EXQP,Urban,Public,PBA,Standard,24.0
GOOBU,2PEWE,Urban,Public,PBA,Standard,24.0
GOOBU,4TYTZ,Urban,Public,PBA,Standard,24.0
GOOBU,56VOR,Urban,Public,PBA,Standard,24.0
GOOBU,5W6IT,Urban,Public,PBA,Standard,24.0
GOOBU,6KYW4,Urban,Public,PBA,Standard,24.0
GOOBU,9GEEG,Urban,Public,PBA,Standard,24.0
GOOBU,B9AML,Urban,Public,PBA,Standard,24.0
GOOBU,BG9FM,Urban,Public,PBA,Standard,24.0
GOOBU,BHSCF,Urban,Public,PBA,Standard,24.0
GOOBU,EQDEK,Urban,Public,PBA,Standard,24.0
GOOBU,FZ955,Urban,Public,PBA,Standard,24.0
GOOBU,GNFMX,Urban,Public,PBA,Standard,24.0
GOOBU,GYLI8,Urban,Public,PBA,Standard,24.0
GOOBU,M4RH1,Urban,Public,PBA,Standard,24.0
GOOBU,MMHV2,Urban,Public,PBA,Standard,24.0
GOOBU,OZ1IC,Urban,Public,PBA,Standard,24.0
GOOBU,QYUIJ,Urban,Public,PBA,Standard,24.0
GOOBU,ULA1C,Urban,Public,PBA,Standard,24.0
GOOBU,XDCZU,Urban,Public,PBA,Standard,24.0
GOOBU,0TG4E,Urban,Public,U6J,Standard,25.0
GOOBU,3CQUU,Urban,Public,U6J,Standard,25.0
GOOBU,3TJ3A,Urban,Public,U6J,Standard,25.0
GOOBU,6OUSM,Urban,Public,U6J,Standard,25.0
GOOBU,9178O,Urban,Public,U6J,Standard,25.0
GOOBU,AZJMV,Urban,Public,U6J,Standard,25.0
GOOBU,B2JPA,Urban,Public,U6J,Standard,25.0
GOOBU,BLF0G,Urban,Public,U6J,Standard,25.0
GOOBU,BRSSH,Urban,Public,U6J,Standard,25.0
GOOBU,EIV0N,Urban,Public,U6J,Standard,25.0
GOOBU,FXW0B,Urban,Public,U6J,Standard,25.0
GOOBU,HMVID,Urban,Public,U6J,Standard,25.0
GOOBU,J4404,Urban,Public,U6J,Standard,25.0
GOOBU,K6069,Urban,Public,U6J,Standard,25.0
GOOBU,MWVPD,Urban,Public,U6J,Standard,25.0
GOOBU,OEWJ2,Urban,Public,U6J,Standard,25.0
GOOBU,OKZQZ,Urban,Public,U6J,Standard,25.0
GOOBU,QSDTJ,Urban,Public,U6J,Standard,25.0
GOOBU,RACAL,Urban,Public,U6J,Standard,25.0
GOOBU,RJWG7,Urban,Public,U6J,Standard,25.0
GOOBU,T1IOZ,Urban,Public,U6J,Standard,25.0
GOOBU,TGZB2,Urban,Public,U6J,Standard,25.0
GOOBU,U9QL7,Urban,Public,U6J,Standard,25.0
GOOBU,YG9VR,Urban,Public,U6J,Standard,25.0
GOOBU,YP2OF,Urban,Public,U6J,Standard,25.0
GOOBU,10A05,Urban,Public,W8A,Experimental,26.0
GOOBU,60JJW,Urban,Public,W8A,Experimental,26.0
GOOBU,65ZZN,Urban,Public,W8A,Experimental,26.0
GOOBU,6M88W,Urban,Public,W8A,Experimental,26.0
GOOBU,7H9LF,Urban,Public,W8A,Experimental,26.0
GOOBU,93CDF,Urban,Public,W8A,Experimental,26.0
GOOBU,9DKQ9,Urban,Public,W8A,Experimental,26.0
GOOBU,9UN3Z,Urban,Public,W8A,Experimental,26.0
GOOBU,A3JJP,Urban,Public,W8A,Experimental,26.0
GOOBU,AHIZI,Urban,Public,W8A,Experimental,26.0
GOOBU,BUDF2,Urban,Public,W8A,Experimental,26.0
GOOBU,D76QH,Urban,Public,W8A,Experimental,26.0
GOOBU,FFCHO,Urban,Public,W8A,Experimental,26.0
GOOBU,HLTZ9,Urban,Public,W8A,Experimental,26.0
GOOBU,J0V3K,Urban,Public,W8A,Experimental,26.0
GOOBU,JOWGS,Urban,Public,W8A,Experimental,26.0
GOOBU,KG0JT,Urban,Public,W8A,Experimental,26.0
GOOBU,KVGQU,Urban,Public,W8A,Experimental,26.0
GOOBU,M34JB,Urban,Public,W8A,Experimental,26.0
GOOBU,M3Q4U,Urban,Public,W8A,Experimental,26.0
GOOBU,NFXF0,Urban,Public,W8A,Experimental,26.0
GOOBU,QQJEC,Urban,Public,W8A,Experimental,26.0
GOOBU,RDNR9,Urban,Public,W8A,Experimental,26.0
GOOBU,SC382,Urban,Public,W8A,Experimental,26.0
GOOBU,UYKRK,Urban,Public,W8A,Experimental,26.0
GOOBU,UYY4U,Urban,Public,W8A,Experimental,26.0
IDGFP,1Q5IJ,Urban,Non-public,05H,Standard,22.0
IDGFP,244TH,Urban,Non-public,05H,Standard,22.0
IDGFP,2RBHS,Urban,Non-public,05H,Standard,22.0
IDGFP,4V1FZ,Urban,Non-public,05H,Standard,22.0
IDGFP,66F0E,Urban,Non-public,05H,Standard,22.0
IDGFP,81HQ5,Urban,Non-public,05H,Standard,22.0
IDGFP,AZ8TD,Urban,Non-public,05H,Standard,22.0
IDGFP,BFTIU,Urban,Non-public,05H,Standard,22.0
IDGFP,ECID0,Urban,Non-public,05H,Standard,22.0
IDGFP,EKP6D,Urban,Non-public,05H,Standard,22.0
IDGFP,LLVCV,Urban,Non-public,05H,Standard,22.0
IDGFP,MNYAI,Urban,Non-public,05H,Standard,22.0
IDGFP,MRJP3,Urban,Non-public,05H,Standard,22.0
IDGFP,NNVWK,Urban,Non-public,05H,Standard,22.0
IDGFP,O8JV2,Urban,Non-public,05H,Standard,22.0
IDGFP,OD8GS,Urban,Non-public,05H,Standard,22.0
IDGFP,OLXN2,Urban,Non-public,05H,Standard,22.0
IDGFP,TDTSM,Urban,Non-public,05H,Standard,22.0
IDGFP,VX97O,Urban,Non-public,05H,Standard,22.0
IDGFP,WTS1I,Urban,Non-public,05H,Standard,22.0
IDGFP,ZHM15,Urban,Non-public,05H,Standard,22.0
IDGFP,ZJ9AC,Urban,Non-public,05H,Standard,22.0
IDGFP,6AY2E,Urban,Non-public,98D,Experimental,21.0
IDGFP,70GY7,Urban,Non-public,98D,Experimental,21.0
IDGFP,72NKS,Urban,Non-public,98D,Experimental,21.0
IDGFP,9D5GC,Urban,Non-public,98D,Experimental,21.0
IDGFP,A99SV,Urban,Non-public,98D,Experimental,21.0
IDGFP,BU6TQ,Urban,Non-public,98D,Experimental,21.0
IDGFP,F5H1B,Urban,Non-public,98D,Experimental,21.0
IDGFP,FZDNX,Urban,Non-public,98D,Experimental,21.0
IDGFP,GBC87,Urban,Non-public,98D,Experimental,21.0
IDGFP,HHYKH,Urban,Non-public,98D,Experimental,21.0
IDGFP,IUKHE,Urban,Non-public,98D,Experimental,21.0
IDGFP,IWFBI,Urban,Non-public,98D,Experimental,21.0
IDGFP,MKL3E,Urban,Non-public,98D,Experimental,21.0
IDGFP,NYDF6,Urban,Non-public,98D,Experimental,21.0
IDGFP,PH300,Urban,Non-public,98D,Experimental,21.0
IDGFP,Q4Q2T,Urban,Non-public,98D,Experimental,21.0
IDGFP,QZPO5,Urban,Non-public,98D,Experimental,21.0
IDGFP,SA51C,Urban,Non-public,98D,Experimental,21.0
IDGFP,U10TY,Urban,Non-public,98D,Experimental,21.0
IDGFP,UF2ZX,Urban,Non-public,98D,Experimental,21.0
IDGFP,YLIKU,Urban,Non-public,98D,Experimental,21.0
IDGFP,0I7BC,Urban,Non-public,G2L,Standard,17.0
IDGFP,1MZ88,Urban,Non-public,G2L,Standard,17.0
IDGFP,3OE0R,Urban,Non-public,G2L,Standard,17.0
IDGFP,7FG13,Urban,Non-public,G2L,Standard,17.0
IDGFP,8JLKV,Urban,Non-public,G2L,Standard,17.0
IDGFP,B3Q7F,Urban,Non-public,G2L,Standard,17.0
IDGFP,BD68G,Urban,Non-public,G2L,Standard,17.0
IDGFP,BYOML,Urban,Non-public,G2L,Standard,17.0
IDGFP,CKFUH,Urban,Non-public,G2L,Standard,17.0
IDGFP,DAAC3,Urban,Non-public,G2L,Standard,17.0
IDGFP,K0RE7,Urban,Non-public,G2L,Standard,17.0
IDGFP,KELXA,Urban,Non-public,G2L,Standard,17.0
IDGFP,KO0KO,Urban,Non-public,G2L,Standard,17.0
IDGFP,MABFE,Urban,Non-public,G2L,Standard,17.0
IDGFP,NI2JW,Urban,Non-public,G2L,Standard,17.0
IDGFP,QXGYA,Urban,Non-public,G2L,Standard,17.0
IDGFP,T03W3,Urban,Non-public,G2L,Standard,17.0
IDGFP,1QLNQ,Urban,Non-public,P2A,Experimental,17.0
IDGFP,37DM6,Urban,Non-public,P2A,Experimental,17.0
IDGFP,9JGL2,Urban,Non-public,P2A,Experimental,17.0
IDGFP,BYVSP,Urban,Non-public,P2A,Experimental,17.0
IDGFP,D9SR6,Urban,Non-public,P2A,Experimental,17.0
IDGFP,HXUZG,Urban,Non-public,P2A,Experimental,17.0
IDGFP,K5955,Urban,Non-public,P2A,Experimental,17.0
IDGFP,NWT24,Urban,Non-public,P2A,Experimental,17.0
IDGFP,P32P9,Urban,Non-public,P2A,Experimental,17.0
IDGFP,QXTHU,Urban,Non-public,P2A,Experimental,17.0
IDGFP,RG9R4,Urban,Non-public,P2A,Experimental,17.0
IDGFP,RVC99,Urban,Non-public,P2A,Experimental,17.0
IDGFP,SH2DM,Urban,Non-public,P2A,Experimental,17.0
IDGFP,TRDWB,Urban,Non-public,P2A,Experimental,17.0
IDGFP,UZ1YR,Urban,Non-public,P2A,Experimental,17.0
IDGFP,VT3PJ,Urban,Non-public,P2A,Experimental,17.0
IDGFP,W4KYQ,Urban,Non-public,P2A,Experimental,17.0
IDGFP,18U47,Urban,Non-public,XZM,Standard,17.0
IDGFP,2DSRE,Urban,Non-public,XZM,Standard,17.0
IDGFP,5NROF,Urban,Non-public,XZM,Standard,17.0
IDGFP,66QL7,Urban,Non-public,XZM,Standard,17.0
IDGFP,6OF17,Urban,Non-public,XZM,Standard,17.0
IDGFP,703OV,Urban,Non-public,XZM,Standard,17.0
IDGFP,AKMB6,Urban,Non-public,XZM,Standard,17.0
IDGFP,EKU9C,Urban,Non-public,XZM,Standard,17.0
IDGFP,GZBOQ,Urban,Non-public,XZM,Standard,17.0
IDGFP,H5UUL,Urban,Non-public,XZM,Standard,17.0
IDGFP,I284N,Urban,Non-public,XZM,Standard,17.0
IDGFP,I3PZA,Urban,Non-public,XZM,Standard,17.0
IDGFP,IHVXF,Urban,Non-public,XZM,Standard,17.0
IDGFP,RGOYE,Urban,Non-public,XZM,Standard,17.0
IDGFP,UBRDA,Urban,Non-public,XZM,Standard,17.0
IDGFP,XBZ3J,Urban,Non-public,XZM,Standard,17.0
IDGFP,XHZRD,Urban,Non-public,XZM,Standard,17.0
KFZMY,1QW92,Urban,Non-public,1VD,Experimental,27.0
KFZMY,20GY6,Urban,Non-public,1VD,Experimental,27.0
KFZMY,270VO,Urban,Non-public,1VD,Experimental,27.0
KFZMY,2E0P4,Urban,Non-public,1VD,Experimental,27.0
KFZMY,47R59,Urban,Non-public,1VD,Experimental,27.0
KFZMY,4O7F9,Urban,Non-public,1VD,Experimental,27.0
KFZMY,AXQ2I,Urban,Non-public,1VD,Experimental,27.0
KFZMY,BOSK4,Urban,Non-public,1VD,Experimental,27.0
KFZMY,C2UIR,Urban,Non-public,1VD,Experimental,27.0
KFZMY,CO91R,Urban,Non-public,1VD,Experimental,27.0
KFZMY,D1K24,Urban,Non-public,1VD,Experimental,27.0
KFZMY,HHVX3,Urban,Non-public,1VD,Experimental,27.0
KFZMY,KUSRN,Urban,Non-public,1VD,Experimental,27.0
KFZMY,LRZXP,Urban,Non-public,1VD,Experimental,27.0
KFZMY,MOWQW,Urban,Non-public,1VD,Experimental,27.0
KFZMY,NTECN,Urban,Non-public,1VD,Experimental,27.0
KFZMY,O64JQ,Urban,Non-public,1VD,Experimental,27.0
KFZMY,O8S23,Urban,Non-public,1VD,Experimental,27.0
KFZMY,OO4QN,Urban,Non-public,1VD,Experimental,27.0
KFZMY,P014J,Urban,Non-public,1VD,Experimental,27.0
KFZMY,P5OPK,Urban,Non-public,1VD,Experimental,27.0
KFZMY,R0DLG,Urban,Non-public,1VD,Experimental,27.0
KFZMY,RFKQ2,Urban,Non-public,1VD,Experimental,27.0
KFZMY,S3J5U,Urban,Non-public,1VD,Experimental,27.0
KFZMY,SJNNJ,Urban,Non-public,1VD,Experimental,27.0
KFZMY,T02OH,Urban,Non-public,1VD,Experimental,27.0
KFZMY,Y5XWB,Urban,Non-public,1VD,Experimental,27.0
KFZMY,2UUOQ,Urban,Non-public,21Q,Standard,25.0
KFZMY,43IMD,Urban,Non-public,21Q,Standard,25.0
KFZMY,4JBGB,Urban,Non-public,21Q,Standard,25.0
KFZMY,4Q2NT,Urban,Non-public,21Q,Standard,25.0
KFZMY,4Y0J5,Urban,Non-public,21Q,Standard,25.0
KFZMY,808RV,Urban,Non-public,21Q,Standard,25.0
KFZMY,9KW69,Urban,Non-public,21Q,Standard,25.0
KFZMY,9NRJU,Urban,Non-public,21Q,Standard,25.0
KFZMY,ABNLD,Urban,Non-public,21Q,Standard,25.0
KFZMY,CGCGR,Urban,Non-public,21Q,Standard,25.0
KFZMY,CW0EO,Urban,Non-public,21Q,Standard,25.0
KFZMY,E6EPH,Urban,Non-public,21Q,Standard,25.0
KFZMY,FQE5C,Urban,Non-public,21Q,Standard,25.0
KFZMY,L2D86,Urban,Non-public,21Q,Standard,25.0
KFZMY,NS4LD,Urban,Non-public,21Q,Standard,25.0
KFZMY,P5H5B,Urban,Non-public,21Q,Standard,25.0
KFZMY,PFTGJ,Urban,Non-public,21Q,Standard,25.0
KFZMY,PJ4OB,Urban,Non-public,21Q,Standard,25.0
KFZMY,PR2SE,Urban,Non-public,21Q,Standard,25.0
KFZMY,RZ7VK,Urban,Non-public,21Q,Standard,25.0
KFZMY,RZ8R2,Urban,Non-public,21Q,Standard,25.0
KFZMY,V7B7N,Urban,Non-public,21Q,Standard,25.0
KFZMY,V8FEW,Urban,Non-public,21Q,Standard,25.0
KFZMY,XL187,Urban,Non-public,21Q,Standard,25.0
KFZMY,ZDWE1,Urban,Non-public,21Q,Standard,25.0
KZKKE,0EBJW,Rural,Public,2BR,Standard,20.0
KZKKE,1M0HM,Rural,Public,2BR,Standard,20.0
KZKKE,1OGHH,Rural,Public,2BR,Standard,20.0
KZKKE,2HYPB,Rural,Public,2BR,Standard,20.0
KZKKE,5F5S6,Rural,Public,2BR,Standard,20.0
KZKKE,5UKAH,Rural,Public,2BR,Standard,20.0
KZKKE,75PYA,Rural,Public,2BR,Standard,20.0
KZKKE,7UUD2,Rural,Public,2BR,Standard,20.0
KZKKE,9LSG0,Rural,Public,2BR,Standard,20.0
KZKKE,AD7YT,Rural,Public,2BR,Standard,20.0
KZKKE,DM6UL,Rural,Public,2BR,Standard,20.0
KZKKE,GCK1W,Rural,Public,2BR,Standard,20.0
KZKKE,KENTO,Rural,Public,2BR,Standard,20.0
KZKKE,O5PNU,Rural,Public,2BR,Standard,20.0
KZKKE,OQIGJ,Rural,Public,2BR,Standard,20.0
KZKKE,Q0U0I,Rural,Public,2BR,Standard,20.0
KZKKE,R859E,Rural,Public,2BR,Standard,20.0
KZKKE,RAJVR,Rural,Public,2BR,Standard,20.0
KZKKE,W7JZI,Rural,Public,2BR,Standard,20.0
KZKKE,WB0ZA,Rural,Public,2BR,Standard,20.0
KZKKE,1KE7L,Rural,Public,3D0,Standard,22.0
KZKKE,5LFSK,Rural,Public,3D0,Standard,22.0
KZKKE,BT8BY,Rural,Public,3D0,Standard,22.0
KZKKE,CTFB2,Rural,Public,3D0,Standard,22.0
KZKKE,DO21O,Rural,Public,3D0,Standard,22.0
KZKKE,EOZV5,Rural,Public,3D0,Standard,22.0
KZKKE,FNQIP,Rural,Public,3D0,Standard,22.0
KZKKE,GFVOX,Rural,Public,3D0,Standard,22.0
KZKKE,GONLU,Rural,Public,3D0,Standard,22.0
KZKKE,HF4C7,Rural,Public,3D0,Standard,22.0
KZKKE,JBZCX,Rural,Public,3D0,Standard,22.0
KZKKE,LK690,Rural,Public,3D0,Standard,22.0
KZKKE,LYT0H,Rural,Public,3D0,Standard,22.0
KZKKE,OPOZ3,Rural,Public,3D0,Standard,22.0
KZKKE,PMVCX,Rural,Public,3D0,Standard,22.0
KZKKE,QFYO5,Rural,Public,3D0,Standard,22.0
KZKKE,QLIX9,Rural,Public,3D0,Standard,22.0
KZKKE,QOAA6,Rural,Public,3D0,Standard,22.0
KZKKE,RHOL5,Rural,Public,3D0,Standard,22.0
KZKKE,T1N79,Rural,Public,3D0,Standard,22.0
KZKKE,ZRQGZ,Rural,Public,3D0,Standard,22.0
KZKKE,ZSLGX,Rural,Public,3D0,Standard,22.0
KZKKE,04TOE,Rural,Public,5JK,Standard,24.0
KZKKE,1ZWQW,Rural,Public,5JK,Standard,24.0
KZKKE,2DSZC,Rural,Public,5JK,Standard,24.0
KZKKE,8DGQQ,Rural,Public,5JK,Standard,24.0
KZKKE,8Q0G9,Rural,Public,5JK,Standard,24.0
KZKKE,AMERN,Rural,Public,5JK,Standard,24.0
KZKKE,BC0AI,Rural,Public,5JK,Standard,24.0
KZKKE,BVNY3,Rural,Public,5JK,Standard,24.0
KZKKE,CYTS4,Rural,Public,5JK,Standard,24.0
KZKKE,DIR4F,Rural,Public,5JK,Standard,24.0
KZKKE,FAJ8G,Rural,Public,5JK,Standard,24.0
KZKKE,FU2Q1,Rural,Public,5JK,Standard,24.0
KZKKE,FYF2E,Rural,Public,5JK,Standard,24.0
KZKKE,HQ18M,Rural,Public,5JK,Standard,24.0
KZKKE,JNSF2,Rural,Public,5JK,Standard,24.0
KZKKE,L33FR,Rural,Public,5JK,Standard,24.0
KZKKE,MXRZF,Rural,Public,5JK,Standard,24.0
KZKKE,P75GA,Rural,Public,5JK,Standard,24.0
KZKKE,Q4ZMR,Rural,Public,5JK,Standard,24.0
KZKKE,QA54S,Rural,Public,5JK,Standard,24.0
KZKKE,R64X5,Rural,Public,5JK,Standard,24.0
KZKKE,RGETN,Rural,Public,5JK,Standard,24.0
KZKKE,UPCU5,Rural,Public,5JK,Standard,24.0
KZKKE,XDNY7,Rural,Public,5JK,Standard,24.0
KZKKE,04AKE,Rural,Public,O6A,Standard,22.0
KZKKE,AQWWF,Rural,Public,O6A,Standard,22.0
KZKKE,B00OI,Rural,Public,O6A,Standard,22.0
KZKKE,BWKEO,Rural,Public,O6A,Standard,22.0
KZKKE,CNER1,Rural,Public,O6A,Standard,22.0
KZKKE,DGFMM,Rural,Public,O6A,Standard,22.0
KZKKE,DXI2U,Rural,Public,O6A,Standard,22.0
KZKKE,EI64V,Rural,Public,O6A,Standard,22.0
KZKKE,G5DJK,Rural,Public,O6A,Standard,22.0
KZKKE,GEAML,Rural,Public,O6A,Standard,22.0
KZKKE,GZWE8,Rural,Public,O6A,Standard,22.0
KZKKE,JKPGR,Rural,Public,O6A,Standard,22.0
KZKKE,LXZT1,Rural,Public,O6A,Standard,22.0
KZKKE,NC39S,Rural,Public,O6A,Standard,22.0
KZKKE,NO7A8,Rural,Public,O6A,Standard,22.0
KZKKE,NQWI4,Rural,Public,O6A,Standard,22.0
KZKKE,O4GER,Rural,Public,O6A,Standard,22.0
KZKKE,P72JH,Rural,Public,O6A,Standard,22.0
KZKKE,U33J8,Rural,Public,O6A,Standard,22.0
KZKKE,V1D5F,Rural,Public,O6A,Standard,22.0
KZKKE,V6XIY,Rural,Public,O6A,Standard,22.0
KZKKE,YMEER,Rural,Public,O6A,Standard,22.0
KZKKE,0B12B,Rural,Public,QTU,Standard,23.0
KZKKE,17QLQ,Rural,Public,QTU,Standard,23.0
KZKKE,20GR2,Rural,Public,QTU,Standard,23.0
KZKKE,5QQ2M,Rural,Public,QTU,Standard,23.0
KZKKE,7XHBP,Rural,Public,QTU,Standard,23.0
KZKKE,994YC,Rural,Public,QTU,Standard,23.0
KZKKE,9C08L,Rural,Public,QTU,Standard,23.0
KZKKE,BI4WF,Rural,Public,QTU,Standard,23.0
KZKKE,CRILM,Rural,Public,QTU,Standard,23.0
KZKKE,DRC00,Rural,Public,QTU,Standard,23.0
KZKKE,EXWSY,Rural,Public,QTU,Standard,23.0
KZKKE,IRP99,Rural,Public,QTU,Standard,23.0
KZKKE,KG5MF,Rural,Public,QTU,Standard,23.0
KZKKE,M2H7J,Rural,Public,QTU,Standard,23.0
KZKKE,NF7O4,Rural,Public,QTU,Standard,23.0
KZKKE,PA75T,Rural,Public,QTU,Standard,23.0
KZKKE,QM9VS,Rural,Public,QTU,Standard,23.0
KZKKE,R8HW2,Rural,Public,QTU,Standard,23.0
KZKKE,TF7O6,Rural,Public,QTU,Standard,23.0
KZKKE,UW2F0,Rural,Public,QTU,Standard,23.0
KZKKE,VM3EU,Rural,Public,QTU,Standard,23.0
KZKKE,WZ0HB,Rural,Public,QTU,Standard,23.0
KZKKE,Y2WEZ,Rural,Public,QTU,Standard,23.0
LAYPA,3Z4RO,Rural,Public,AJ1,Standard,21.0
LAYPA,7QTEC,Rural,Public,AJ1,Standard,21.0
LAYPA,AP72E,Rural,Public,AJ1,Standard,21.0
LAYPA,DH9JM,Rural,Public,AJ1,Standard,21.0
LAYPA,ETID2,Rural,Public,AJ1,Standard,21.0
LAYPA,F4UXX,Rural,Public,AJ1,Standard,21.0
LAYPA,FZS9D,Rural,Public,AJ1,Standard,21.0
LAYPA,G9G77,Rural,Public,AJ1,Standard,21.0
LAYPA,JW2EJ,Rural,Public,AJ1,Standard,21.0
LAYPA,KDH19,Rural,Public,AJ1,Standard,21.0
LAYPA,RL650,Rural,Public,AJ1,Standard,21.0
LAYPA,RNSGC,Rural,Public,AJ1,Standard,21.0
LAYPA,S2YL9,Rural,Public,AJ1,Standard,21.0
LAYPA,T777S,Rural,Public,AJ1,Standard,21.0
LAYPA,T9G1Q,Rural,Public,AJ1,Standard,21.0
LAYPA,TZZPN,Rural,Public,AJ1,Standard,21.0
LAYPA,UE2TY,Rural,Public,AJ1,Standard,21.0
LAYPA,VKIEK,Rural,Public,AJ1,Standard,21.0
LAYPA,VLB5M,Rural,Public,AJ1,Standard,21.0
LAYPA,XM0J9,Rural,Public,AJ1,Standard,21.0
LAYPA,YAHWM,Rural,Public,AJ1,Standard,21.0
LAYPA,24PRY,Rural,Public,J8J,Standard,19.0
LAYPA,AEGY3,Rural,Public,J8J,Standard,19.0
LAYPA,BH0EA,Rural,Public,J8J,Standard,19.0
LAYPA,DNFA3,Rural,Public,J8J,Standard,19.0
LAYPA,E794Z,Rural,Public,J8J,Standard,19.0
LAYPA,EYQXU,Rural,Public,J8J,Standard,19.0
LAYPA,FD8K3,Rural,Public,J8J,Standard,19.0
LAYPA,GWG8B,Rural,Public,J8J,Standard,19.0
LAYPA,H1F9J,Rural,Public,J8J,Standard,19.0
LAYPA,IQ0AV,Rural,Public,J8J,Standard,19.0
LAYPA,KJB8T,Rural,Public,J8J,Standard,19.0
LAYPA,LKLZR,Rural,Public,J8J,Standard,19.0
LAYPA,P8278,Rural,Public,J8J,Standard,19.0
LAYPA,POKHM,Rural,Public,J8J,Standard,19.0
LAYPA,QW175,Rural,Public,J8J,Standard,19.0
LAYPA,VF28H,Rural,Public,J8J,Standard,19.0
LAYPA,W9FKB,Rural,Public,J8J,Standard,19.0
LAYPA,X5W90,Rural,Public,J8J,Standard,19.0
LAYPA,YZVDZ,Rural,Public,J8J,Standard,19.0
LAYPA,4SU16,Rural,Public,RA5,Experimental,17.0
LAYPA,6M3HN,Rural,Public,RA5,Experimental,17.0
LAYPA,7Q9LQ,Rural,Public,RA5,Experimental,17.0
LAYPA,CES33,Rural,Public,RA5,Experimental,17.0
LAYPA,FMADC,Rural,Public,RA5,Experimental,17.0
LAYPA,GF6MA,Rural,Public,RA5,Experimental,17.0
LAYPA,GOPGB,Rural,Public,RA5,Experimental,17.0
LAYPA,I115S,Rural,Public,RA5,Experimental,17.0
LAYPA,JFR4G,Rural,Public,RA5,Experimental,17.0
LAYPA,O0CCH,Rural,Public,RA5,Experimental,17.0
LAYPA,PPU2J,Rural,Public,RA5,Experimental,17.0
LAYPA,PTA70,Rural,Public,RA5,Experimental,17.0
LAYPA,R0Z5D,Rural,Public,RA5,Experimental,17.0
LAYPA,X916N,Rural,Public,RA5,Experimental,17.0
LAYPA,XQ69V,Rural,Public,RA5,Experimental,17.0
LAYPA,YU9XI,Rural,Public,RA5,Experimental,17.0
LAYPA,Z1ZME,Rural,Public,RA5,Experimental,17.0
OJOBU,9N9B1,Rural,Public,5SZ,Experimental,17.0
OJOBU,CDRUO,Rural,Public,5SZ,Experimental,17.0
OJOBU,DBWEY,Rural,Public,5SZ,Experimental,17.0
OJOBU,DOV3H,Rural,Public,5SZ,Experimental,17.0
OJOBU,EL1BK,Rural,Public,5SZ,Experimental,17.0
OJOBU,EXWEA,Rural,Public,5SZ,Experimental,17.0
OJOBU,HWJG5,Rural,Public,5SZ,Experimental,17.0
OJOBU,K1FZT,Rural,Public,5SZ,Experimental,17.0
OJOBU,KGZK8,Rural,Public,5SZ,Experimental,17.0
OJOBU,N4AJE,Rural,Public,5SZ,Experimental,17.0
OJOBU,PQFNG,Rural,Public,5SZ,Experimental,17.0
OJOBU,SYCX7,Rural,Public,5SZ,Experimental,17.0
OJOBU,VZ1NV,Rural,Public,5SZ,Experimental,17.0
OJOBU,W6HC7,Rural,Public,5SZ,Experimental,17.0
OJOBU,WLJYG,Rural,Public,5SZ,Experimental,17.0
OJOBU,ZOAK4,Rural,Public,5SZ,Experimental,17.0
OJOBU,ZVM0Q,Rural,Public,5SZ,Experimental,17.0
OJOBU,16CA3,Rural,Public,6U9,Standard,22.0
OJOBU,2XO1P,Rural,Public,6U9,Standard,22.0
OJOBU,74C33,Rural,Public,6U9,Standard,22.0
OJOBU,8PV7H,Rural,Public,6U9,Standard,22.0
OJOBU,BIN4L,Rural,Public,6U9,Standard,22.0
OJOBU,BNGRW,Rural,Public,6U9,Standard,22.0
OJOBU,BZZOL,Rural,Public,6U9,Standard,22.0
OJOBU,E2AAO,Rural,Public,6U9,Standard,22.0
OJOBU,IAKEV,Rural,Public,6U9,Standard,22.0
OJOBU,K6ZLE,Rural,Public,6U9,Standard,22.0
OJOBU,KG40V,Rural,Public,6U9,Standard,22.0
OJOBU,MBLOL,Rural,Public,6U9,Standard,22.0
OJOBU,MESP7,Rural,Public,6U9,Standard,22.0
OJOBU,N6JN2,Rural,Public,6U9,Standard,22.0
OJOBU,O9YAY,Rural,Public,6U9,Standard,22.0
OJOBU,OQBYX,Rural,Public,6U9,Standard,22.0
OJOBU,QPY1S,Rural,Public,6U9,Standard,22.0
OJOBU,RDYAU,Rural,Public,6U9,Standard,22.0
OJOBU,RQT3M,Rural,Public,6U9,Standard,22.0
OJOBU,TSOM0,Rural,Public,6U9,Standard,22.0
OJOBU,V2JU6,Rural,Public,6U9,Standard,22.0
OJOBU,WR4NN,Rural,Public,6U9,Standard,22.0
OJOBU,3ZUP5,Rural,Public,FS3,Standard,19.0
OJOBU,4AV4I,Rural,Public,FS3,Standard,19.0
OJOBU,4SQKQ,Rural,Public,FS3,Standard,19.0
OJOBU,50MY6,Rural,Public,FS3,Standard,19.0
OJOBU,6I95C,Rural,Public,FS3,Standard,19.0
OJOBU,7IRLR,Rural,Public,FS3,Standard,19.0
OJOBU,A0IVI,Rural,Public,FS3,Standard,19.0
OJOBU,AJN0V,Rural,Public,FS3,Standard,19.0
OJOBU,GVD77,Rural,Public,FS3,Standard,19.0
OJOBU,I618Z,Rural,Public,FS3,Standard,19.0
OJOBU,J2AQX,Rural,Public,FS3,Standard,19.0
OJOBU,KC6W4,Rural,Public,FS3,Standard,19.0
OJOBU,LASVX,Rural,Public,FS3,Standard,19.0
OJOBU,QUDKL,Rural,Public,FS3,Standard,19.0
OJOBU,RD5O5,Rural,Public,FS3,Standard,19.0
OJOBU,RFA8S,Rural,Public,FS3,Standard,19.0
OJOBU,V81SU,Rural,Public,FS3,Standard,19.0
OJOBU,VXJGW,Rural,Public,FS3,Standard,19.0
OJOBU,WMMW4,Rural,Public,FS3,Standard,19.0
OJOBU,1VMNH,Rural,Public,XJ8,Standard,23.0
OJOBU,49F3U,Rural,Public,XJ8,Standard,23.0
OJOBU,6QWJK,Rural,Public,XJ8,Standard,23.0
OJOBU,8TE8Y,Rural,Public,XJ8,Standard,23.0
OJOBU,AC5BK,Rural,Public,XJ8,Standard,23.0
OJOBU,AD5OK,Rural,Public,XJ8,Standard,23.0
OJOBU,AFWCA,Rural,Public,XJ8,Standard,23.0
OJOBU,CXMKS,Rural,Public,XJ8,Standard,23.0
OJOBU,DKUQ5,Rural,Public,XJ8,Standard,23.0
OJOBU,E9UFB,Rural,Public,XJ8,Standard,23.0
OJOBU,GK7UQ,Rural,Public,XJ8,Standard,23.0
OJOBU,I93O1,Rural,Public,XJ8,Standard,23.0
OJOBU,ILXQY,Rural,Public,XJ8,Standard,23.0
OJOBU,KZPFA,Rural,Public,XJ8,Standard,23.0
OJOBU,LJSMA,Rural,Public,XJ8,Standard,23.0
OJOBU,MASAB,Rural,Public,XJ8,Standard,23.0
OJOBU,MF1NR,Rural,Public,XJ8,Standard,23.0
OJOBU,PYKYM,Rural,Public,XJ8,Standard,23.0
OJOBU,UCM5B,Rural,Public,XJ8,Standard,23.0
OJOBU,W1EY9,Rural,Public,XJ8,Standard,23.0
OJOBU,YGARH,Rural,Public,XJ8,Standard,23.0
OJOBU,YPXKI,Rural,Public,XJ8,Standard,23.0
OJOBU,ZGDQE,Rural,Public,XJ8,Standard,23.0
QOQTS,1X4LE,Urban,Public,0N7,Experimental,28.0
QOQTS,3K8VB,Urban,Public,0N7,Experimental,28.0
QOQTS,4FOOR,Urban,Public,0N7,Experimental,28.0
QOQTS,6F38N,Urban,Public,0N7,Experimental,28.0
QOQTS,6V19X,Urban,Public,0N7,Experimental,28.0
QOQTS,7LULA,Urban,Public,0N7,Experimental,28.0
QOQTS,9E26H,Urban,Public,0N7,Experimental,28.0
QOQTS,A4B5Z,Urban,Public,0N7,Experimental,28.0
QOQTS,BWHHF,Urban,Public,0N7,Experimental,28.0
QOQTS,CPQZ5,Urban,Public,0N7,Experimental,28.0
QOQTS,CWNPG,Urban,Public,0N7,Experimental,28.0
QOQTS,EZVOU,Urban,Public,0N7,Experimental,28.0
QOQTS,FTOMN,Urban,Public,0N7,Experimental,28.0
QOQTS,G0DSR,Urban,Public,0N7,Experimental,28.0
QOQTS,GPNQZ,Urban,Public,0N7,Experimental,28.0
QOQTS,GRB8C,Urban,Public,0N7,Experimental,28.0
QOQTS,JVF58,Urban,Public,0N7,Experimental,28.0
QOQTS,L9CIM,Urban,Public,0N7,Experimental,28.0
QOQTS,LZDOV,Urban,Public,0N7,Experimental,28.0
QOQTS,OSXFO,Urban,Public,0N7,Experimental,28.0
QOQTS,OV3PC,Urban,Public,0N7,Experimental,28.0
QOQTS,PUJFV,Urban,Public,0N7,Experimental,28.0
QOQTS,SGVTD,Urban,Public,0N7,Experimental,28.0
QOQTS,VVHRQ,Urban,Public,0N7,Experimental,28.0
QOQTS,W217G,Urban,Public,0N7,Experimental,28.0
QOQTS,WHJQO,Urban,Public,0N7,Experimental,28.0
QOQTS,XIV97,Urban,Public,0N7,Experimental,28.0
QOQTS,YGGJT,Urban,Public,0N7,Experimental,28.0
QOQTS,1VF7G,Urban,Public,3XJ,Standard,24.0
QOQTS,5884X,Urban,Public,3XJ,Standard,24.0
QOQTS,9TCBM,Urban,Public,3XJ,Standard,24.0
QOQTS,A8L7P,Urban,Public,3XJ,Standard,24.0
QOQTS,BOMPO,Urban,Public,3XJ,Standard,24.0
QOQTS,BZG06,Urban,Public,3XJ,Standard,24.0
QOQTS,CE7P3,Urban,Public,3XJ,Standard,24.0
QOQTS,FIGCP,Urban,Public,3XJ,Standard,24.0
QOQTS,G8C0U,Urban,Public,3XJ,Standard,24.0
QOQTS,J39HG,Urban,Public,3XJ,Standard,24.0
QOQTS,J46NP,Urban,Public,3XJ,Standard,24.0
QOQTS,K58CZ,Urban,Public,3XJ,Standard,24.0
QOQTS,LJWJ5,Urban,Public,3XJ,Standard,24.0
QOQTS,M4BRQ,Urban,Public,3XJ,Standard,24.0
QOQTS,N8UTT,Urban,Public,3XJ,Standard,24.0
QOQTS,OXLY0,Urban,Public,3XJ,Standard,24.0
QOQTS,PY1GY,Urban,Public,3XJ,Standard,24.0
QOQTS,RP33I,Urban,Public,3XJ,Standard,24.0
QOQTS,T61LX,Urban,Public,3XJ,Standard,24.0
QOQTS,T94QN,Urban,Public,3XJ,Standard,24.0
QOQTS,W95QH,Urban,Public,3XJ,Standard,24.0
QOQTS,WUC3P,Urban,Public,3XJ,Standard,24.0
QOQTS,XILO8,Urban,Public,3XJ,Standard,24.0
QOQTS,ZUFG3,Urban,Public,3XJ,Standard,24.0
QOQTS,0MXW8,Urban,Public,RK7,Standard,22.0
QOQTS,0VLI0,Urban,Public,RK7,Standard,22.0
QOQTS,1MUNN,Urban,Public,RK7,Standard,22.0
QOQTS,64P1X,Urban,Public,RK7,Standard,22.0
QOQTS,6S1RB,Urban,Public,RK7,Standard,22.0
QOQTS,8KXVK,Urban,Public,RK7,Standard,22.0
QOQTS,9PPQ2,Urban,Public,RK7,Standard,22.0
QOQTS,9TOAI,Urban,Public,RK7,Standard,22.0
QOQTS,A8OCT,Urban,Public,RK7,Standard,22.0
QOQTS,F41NC,Urban,Public,RK7,Standard,22.0
QOQTS,GC32I,Urban,Public,RK7,Standard,22.0
QOQTS,JVQOT,Urban,Public,RK7,Standard,22.0
QOQTS,L5MKI,Urban,Public,RK7,Standard,22.0
QOQTS,M401J,Urban,Public,RK7,Standard,22.0
QOQTS,M4RHA,Urban,Public,RK7,Standard,22.0
QOQTS,N1ZJX,Urban,Public,RK7,Standard,22.0
QOQTS,NNP1T,Urban,Public,RK7,Standard,22.0
QOQTS,O3INT,Urban,Public,RK7,Standard,22.0
QOQTS,P7B9V,Urban,Public,RK7,Standard,22.0
QOQTS,RAAGQ,Urban,Public,RK7,Standard,22.0
QOQTS,RDSJZ,Urban,Public,RK7,Standard,22.0
QOQTS,Y0SC0,Urban,Public,RK7,Standard,22.0
QOQTS,0ATHH,Urban,Public,SUR,Standard,28.0
QOQTS,36XVY,Urban,Public,SUR,Standard,28.0
QOQTS,5F3AB,Urban,Public,SUR,Standard,28.0
QOQTS,6B3YQ,Urban,Public,SUR,Standard,28.0
QOQTS,7SAPU,Urban,Public,SUR,Standard,28.0
QOQTS,7UYMS,Urban,Public,SUR,Standard,28.0
QOQTS,7VV8V,Urban,Public,SUR,Standard,28.0
QOQTS,A2OLH,Urban,Public,SUR,Standard,28.0
QOQTS,D42XF,Urban,Public,SUR,Standard,28.0
QOQTS,DSS9N,Urban,Public,SUR,Standard,28.0
QOQTS,EP1OW,Urban,Public,SUR,Standard,28.0
QOQTS,FCNU9,Urban,Public,SUR,Standard,28.0
QOQTS,G3900,Urban,Public,SUR,Standard,28.0
QOQTS,H2O56,Urban,Public,SUR,Standard,28.0
QOQTS,IEA4E,Urban,Public,SUR,Standard,28.0
QOQTS,IXNI7,Urban,Public,SUR,Standard,28.0
QOQTS,KV76E,Urban,Public,SUR,Standard,28.0
QOQTS,M3C4F,Urban,Public,SUR,Standard,28.0
QOQTS,MINBK,Urban,Public,SUR,Standard,28.0
QOQTS,NH2XP,Urban,Public,SUR,Standard,28.0
QOQTS,NK0RT,Urban,Public,SUR,Standard,28.0
QOQTS,OFPX7,Urban,Public,SUR,Standard,28.0
QOQTS,SDWCT,Urban,Public,SUR,Standard,28.0
QOQTS,U355K,Urban,Public,SUR,Standard,28.0
QOQTS,WKFXN,Urban,Public,SUR,Standard,28.0
QOQTS,WPUEY,Urban,Public,SUR,Standard,28.0
QOQTS,XSWF9,Urban,Public,SUR,Standard,28.0
QOQTS,YZBI1,Urban,Public,SUR,Standard,28.0
QOQTS,2Y5KB,Urban,Public,X2O,Experimental,25.0
QOQTS,3G0AI,Urban,Public,X2O,Experimental,25.0
QOQTS,3TPE1,Urban,Public,X2O,Experimental,25.0
QOQTS,59VYG,Urban,Public,X2O,Experimental,25.0
QOQTS,AKDEM,Urban,Public,X2O,Experimental,25.0
QOQTS,AO6BG,Urban,Public,X2O,Experimental,25.0
QOQTS,EJAMZ,Urban,Public,X2O,Experimental,25.0
QOQTS,FZF17,Urban,Public,X2O,Experimental,25.0
QOQTS,G193S,Urban,Public,X2O,Experimental,25.0
QOQTS,H5DOH,Urban,Public,X2O,Experimental,25.0
QOQTS,HD0QR,Urban,Public,X2O,Experimental,25.0
QOQTS,HSJ6V,Urban,Public,X2O,Experimental,25.0
QOQTS,I0YK4,Urban,Public,X2O,Experimental,25.0
QOQTS,ICRP4,Urban,Public,X2O,Experimental,25.0
QOQTS,LJWJ6,Urban,Public,X2O,Experimental,25.0
QOQTS,MHXTU,Urban,Public,X2O,Experimental,25.0
QOQTS,QPJGR,Urban,Public,X2O,Experimental,25.0
QOQTS,QS03G,Urban,Public,X2O,Experimental,25.0
QOQTS,QW5M0,Urban,Public,X2O,Experimental,25.0
QOQTS,SAYN0,Urban,Public,X2O,Experimental,25.0
QOQTS,UC234,Urban,Public,X2O,Experimental,25.0
QOQTS,UM88I,Urban,Public,X2O,Experimental,25.0
QOQTS,W4M1T,Urban,Public,X2O,Experimental,25.0
QOQTS,X32YR,Urban,Public,X2O,Experimental,25.0
QOQTS,YS6D7,Urban,Public,X2O,Experimental,25.0
QOQTS,0HAGQ,Urban,Public,XZ4,Standard,22.0
QOQTS,1DSAG,Urban,Public,XZ4,Standard,22.0
QOQTS,2RXVE,Urban,Public,XZ4,Standard,22.0
QOQTS,3Z0V4,Urban,Public,XZ4,Standard,22.0
QOQTS,4QH1V,Urban,Public,XZ4,Standard,22.0
QOQTS,5BK70,Urban,Public,XZ4,Standard,22.0
QOQTS,9Q9RK,Urban,Public,XZ4,Standard,22.0
QOQTS,AAUAP,Urban,Public,XZ4,Standard,22.0
QOQTS,F3G51,Urban,Public,XZ4,Standard,22.0
QOQTS,F5RU2,Urban,Public,XZ4,Standard,22.0
QOQTS,FSTS2,Urban,Public,XZ4,Standard,22.0
QOQTS,HGCQA,Urban,Public,XZ4,Standard,22.0
QOQTS,IDSWX,Urban,Public,XZ4,Standard,22.0
QOQTS,JZA64,Urban,Public,XZ4,Standard,22.0
QOQTS,N3IUQ,Urban,Public,XZ4,Standard,22.0
QOQTS,NRHKL,Urban,Public,XZ4,Standard,22.0
QOQTS,NYDID,Urban,Public,XZ4,Standard,22.0
QOQTS,QFCSU,Urban,Public,XZ4,Standard,22.0
QOQTS,QLVBH,Urban,Public,XZ4,Standard,22.0
QOQTS,S8BUS,Urban,Public,XZ4,Standard,22.0
QOQTS,TQ7FO,Urban,Public,XZ4,Standard,22.0
QOQTS,WUBEL,Urban,Public,XZ4,Standard,22.0
UAGPU,15087,Suburban,Public,1SZ,Standard,22.0
UAGPU,68TLS,Suburban,Public,1SZ,Standard,22.0
UAGPU,8LQQZ,Suburban,Public,1SZ,Standard,22.0
UAGPU,96R50,Suburban,Public,1SZ,Standard,22.0
UAGPU,9V75V,Suburban,Public,1SZ,Standard,22.0
UAGPU,AUZ9N,Suburban,Public,1SZ,Standard,22.0
UAGPU,B19E2,Suburban,Public,1SZ,Standard,22.0
UAGPU,B2NRX,Suburban,Public,1SZ,Standard,22.0
UAGPU,CFH25,Suburban,Public,1SZ,Standard,22.0
UAGPU,DI6CN,Suburban,Public,1SZ,Standard,22.0
UAGPU,EEW82,Suburban,Public,1SZ,Standard,22.0
UAGPU,F9L7V,Suburban,Public,1SZ,Standard,22.0
UAGPU,GDU43,Suburban,Public,1SZ,Standard,22.0
UAGPU,JZQIP,Suburban,Public,1SZ,Standard,22.0
UAGPU,LHLZ0,Suburban,Public,1SZ,Standard,22.0
UAGPU,O5U7H,Suburban,Public,1SZ,Standard,22.0
UAGPU,T3MLI,Suburban,Public,1SZ,Standard,22.0
UAGPU,T51PH,Suburban,Public,1SZ,Standard,22.0
UAGPU,TM3WU,Suburban,Public,1SZ,Standard,22.0
UAGPU,VOASI,Suburban,Public,1SZ,Standard,22.0
UAGPU,YQ2AF,Suburban,Public,1SZ,Standard,22.0
UAGPU,YV3L0,Suburban,Public,1SZ,Standard,22.0
UAGPU,0VF9P,Suburban,Public,62L,Standard,23.0
UAGPU,10GPN,Suburban,Public,62L,Standard,23.0
UAGPU,2N2TX,Suburban,Public,62L,Standard,23.0
UAGPU,5JSKA,Suburban,Public,62L,Standard,23.0
UAGPU,5ZOS4,Suburban,Public,62L,Standard,23.0
UAGPU,94EK4,Suburban,Public,62L,Standard,23.0
UAGPU,B8GPJ,Suburban,Public,62L,Standard,23.0
UAGPU,BAEWN,Suburban,Public,62L,Standard,23.0
UAGPU,G4UTB,Suburban,Public,62L,Standard,23.0
UAGPU,GDMQS,Suburban,Public,62L,Standard,23.0
UAGPU,KTSB7,Suburban,Public,62L,Standard,23.0
UAGPU,KXPEE,Suburban,Public,62L,Standard,23.0
UAGPU,N42JI,Suburban,Public,62L,Standard,23.0
UAGPU,P5X30,Suburban,Public,62L,Standard,23.0
UAGPU,RTV9D,Suburban,Public,62L,Standard,23.0
UAGPU,S8HYS,Suburban,Public,62L,Standard,23.0
UAGPU,SE4E4,Suburban,Public,62L,Standard,23.0
UAGPU,TQBTQ,Suburban,Public,62L,Standard,23.0
UAGPU,VEXWA,Suburban,Public,62L,Standard,23.0
UAGPU,W6LZR,Suburban,Public,62L,Standard,23.0
UAGPU,Y4ZOH,Suburban,Public,62L,Standard,23.0
UAGPU,YIFYG,Suburban,Public,62L,Standard,23.0
UAGPU,ZEUU8,Suburban,Public,62L,Standard,23.0
UAGPU,17EXU,Suburban,Public,NWZ,Standard,21.0
UAGPU,23BMT,Suburban,Public,NWZ,Standard,21.0
UAGPU,2GDJ8,Suburban,Public,NWZ,Standard,21.0
UAGPU,36YGH,Suburban,Public,NWZ,Standard,21.0
UAGPU,7NE6P,Suburban,Public,NWZ,Standard,21.0
UAGPU,93BY7,Suburban,Public,NWZ,Standard,21.0
UAGPU,ATEDY,Suburban,Public,NWZ,Standard,21.0
UAGPU,EHWEI,Suburban,Public,NWZ,Standard,21.0
UAGPU,F6MAL,Suburban,Public,NWZ,Standard,21.0
UAGPU,GVD2M,Suburban,Public,NWZ,Standard,21.0
UAGPU,JM80A,Suburban,Public,NWZ,Standard,21.0
UAGPU,LQAVG,Suburban,Public,NWZ,Standard,21.0
UAGPU,N1C5K,Suburban,Public,NWZ,Standard,21.0
UAGPU,OJM71,Suburban,Public,NWZ,Standard,21.0
UAGPU,S0UET,Suburban,Public,NWZ,Standard,21.0
UAGPU,TD1N0,Suburban,Public,NWZ,Standard,21.0
UAGPU,V9D0M,Suburban,Public,NWZ,Standard,21.0
UAGPU,WNW5P,Suburban,Public,NWZ,Standard,21.0
UAGPU,XGFGI,Suburban,Public,NWZ,Standard,21.0
UAGPU,Y2S14,Suburban,Public,NWZ,Standard,21.0
UAGPU,YBGHP,Suburban,Public,NWZ,Standard,21.0
UAGPU,2SCI6,Suburban,Public,S98,Standard,21.0
UAGPU,58GQ3,Suburban,Public,S98,Standard,21.0
UAGPU,5HZS0,Suburban,Public,S98,Standard,21.0
UAGPU,6O11H,Suburban,Public,S98,Standard,21.0
UAGPU,7BH6I,Suburban,Public,S98,Standard,21.0
UAGPU,B4BQ2,Suburban,Public,S98,Standard,21.0
UAGPU,BEDRH,Suburban,Public,S98,Standard,21.0
UAGPU,BZH4Z,Suburban,Public,S98,Standard,21.0
UAGPU,C6U78,Suburban,Public,S98,Standard,21.0
UAGPU,CG4PV,Suburban,Public,S98,Standard,21.0
UAGPU,DBWGP,Suburban,Public,S98,Standard,21.0
UAGPU,GGHJ9,Suburban,Public,S98,Standard,21.0
UAGPU,I9AT5,Suburban,Public,S98,Standard,21.0
UAGPU,LOKKS,Suburban,Public,S98,Standard,21.0
UAGPU,NA0CP,Suburban,Public,S98,Standard,21.0
UAGPU,PXW4K,Suburban,Public,S98,Standard,21.0
UAGPU,Q94QX,Suburban,Public,S98,Standard,21.0
UAGPU,RK9Y8,Suburban,Public,S98,Standard,21.0
UAGPU,RUJQB,Suburban,Public,S98,Standard,21.0
UAGPU,X7NOM,Suburban,Public,S98,Standard,21.0
UAGPU,ZU75P,Suburban,Public,S98,Standard,21.0
UKPGS,1LGMI,Suburban,Public,08N,Standard,21.0
UKPGS,3K3MA,Suburban,Public,08N,Standard,21.0
UKPGS,5AT7Y,Suburban,Public,08N,Standard,21.0
UKPGS,5OKGY,Suburban,Public,08N,Standard,21.0
UKPGS,6GUH0,Suburban,Public,08N,Standard,21.0
UKPGS,BVV7P,Suburban,Public,08N,Standard,21.0
UKPGS,CQRYE,Suburban,Public,08N,Standard,21.0
UKPGS,CSZV6,Suburban,Public,08N,Standard,21.0
UKPGS,MVXQR,Suburban,Public,08N,Standard,21.0
UKPGS,N1923,Suburban,Public,08N,Standard,21.0
UKPGS,NNADP,Suburban,Public,08N,Standard,21.0
UKPGS,OEVDO,Suburban,Public,08N,Standard,21.0
UKPGS,PC2MH,Suburban,Public,08N,Standard,21.0
UKPGS,RGXS6,Suburban,Public,08N,Standard,21.0
UKPGS,UX5JT,Suburban,Public,08N,Standard,21.0
UKPGS,V7CKV,Suburban,Public,08N,Standard,21.0
UKPGS,XZH2Z,Suburban,Public,08N,Standard,21.0
UKPGS,YGFAP,Suburban,Public,08N,Standard,21.0
UKPGS,YPTLT,Suburban,Public,08N,Standard,21.0
UKPGS,YXBYX,Suburban,Public,08N,Standard,21.0
UKPGS,ZAH4F,Suburban,Public,08N,Standard,21.0
UKPGS,32A5K,Suburban,Public,9AW,Standard,25.0
UKPGS,3S4PV,Suburban,Public,9AW,Standard,25.0
UKPGS,48A1T,Suburban,Public,9AW,Standard,25.0
UKPGS,8N6QZ,Suburban,Public,9AW,Standard,25.0
UKPGS,B4VE7,Suburban,Public,9AW,Standard,25.0
UKPGS,COAU1,Suburban,Public,9AW,Standard,25.0
UKPGS,CPSG8,Suburban,Public,9AW,Standard,25.0
UKPGS,DQYGC,Suburban,Public,9AW,Standard,25.0
UKPGS,EUE94,Suburban,Public,9AW,Standard,25.0
UKPGS,H2NHU,Suburban,Public,9AW,Standard,25.0
UKPGS,H9GCW,Suburban,Public,9AW,Standard,25.0
UKPGS,I4IR4,Suburban,Public,9AW,Standard,25.0
UKPGS,INLHM,Suburban,Public,9AW,Standard,25.0
UKPGS,JSXAG,Suburban,Public,9AW,Standard,25.0
UKPGS,KFYSH,Suburban,Public,9AW,Standard,25.0
UKPGS,LAFO1,Suburban,Public,9AW,Standard,25.0
UKPGS,M1AZ2,Suburban,Public,9AW,Standard,25.0
UKPGS,MDLIT,Suburban,Public,9AW,Standard,25.0
UKPGS,NMN96,Suburban,Public,9AW,Standard,25.0
UKPGS,S5EY9,Suburban,Public,9AW,Standard,25.0
UKPGS,TWZWL,Suburban,Public,9AW,Standard,25.0
UKPGS,VYVEK,Suburban,Public,9AW,Standard,25.0
UKPGS,WJITF,Suburban,Public,9AW,Standard,25.0
UKPGS,XOO4J,Suburban,Public,9AW,Standard,25.0
UKPGS,ZG15E,Suburban,Public,9AW,Standard,25.0
UKPGS,0QF6V,Suburban,Public,IPU,Experimental,19.0
UKPGS,6ZVZS,Suburban,Public,IPU,Experimental,19.0
UKPGS,7M97F,Suburban,Public,IPU,Experimental,19.0
UKPGS,9C145,Suburban,Public,IPU,Experimental,19.0
UKPGS,D6CTU,Suburban,Public,IPU,Experimental,19.0
UKPGS,FDVGN,Suburban,Public,IPU,Experimental,19.0
UKPGS,H08BV,Suburban,Public,IPU,Experimental,19.0
UKPGS,JYMFD,Suburban,Public,IPU,Experimental,19.0
UKPGS,MCBCN,Suburban,Public,IPU,Experimental,19.0
UKPGS,ME537,Suburban,Public,IPU,Experimental,19.0
UKPGS,MTJV5,Suburban,Public,IPU,Experimental,19.0
UKPGS,O9EES,Suburban,Public,IPU,Experimental,19.0
UKPGS,OA8E3,Suburban,Public,IPU,Experimental,19.0
UKPGS,PNXUP,Suburban,Public,IPU,Experimental,19.0
UKPGS,SNQT3,Suburban,Public,IPU,Experimental,19.0
UKPGS,SY0BY,Suburban,Public,IPU,Experimental,19.0
UKPGS,U38NB,Suburban,Public,IPU,Experimental,19.0
UKPGS,UA1VB,Suburban,Public,IPU,Experimental,19.0
UKPGS,VDJB4,Suburban,Public,IPU,Experimental,19.0
UKPGS,4KXHJ,Suburban,Public,KXB,Experimental,18.0
UKPGS,4USMS,Suburban,Public,KXB,Experimental,18.0
UKPGS,71V1M,Suburban,Public,KXB,Experimental,18.0
UKPGS,8023G,Suburban,Public,KXB,Experimental,18.0
UKPGS,9SSU5,Suburban,Public,KXB,Experimental,18.0
UKPGS,DT2DK,Suburban,Public,KXB,Experimental,18.0
UKPGS,DW27M,Suburban,Public,KXB,Experimental,18.0
UKPGS,F9AF4,Suburban,Public,KXB,Experimental,18.0
UKPGS,JLT9W,Suburban,Public,KXB,Experimental,18.0
UKPGS,KA6AR,Suburban,Public,KXB,Experimental,18.0
UKPGS,ML40U,Suburban,Public,KXB,Experimental,18.0
UKPGS,N6O4Q,Suburban,Public,KXB,Experimental,18.0
UKPGS,NDG8X,Suburban,Public,KXB,Experimental,18.0
UKPGS,PV4KT,Suburban,Public,KXB,Experimental,18.0
UKPGS,RJ6DM,Suburban,Public,KXB,Experimental,18.0
UKPGS,W6QBL,Suburban,Public,KXB,Experimental,18.0
UKPGS,WEKZ0,Suburban,Public,KXB,Experimental,18.0
UKPGS,WKT2V,Suburban,Public,KXB,Experimental,18.0
UKPGS,33Q7N,Suburban,Public,PGH,Experimental,23.0
UKPGS,3UFPK,Suburban,Public,PGH,Experimental,23.0
UKPGS,6IDYQ,Suburban,Public,PGH,Experimental,23.0
UKPGS,6SPGY,Suburban,Public,PGH,Experimental,23.0
UKPGS,82ZHK,Suburban,Public,PGH,Experimental,23.0
UKPGS,9SO36,Suburban,Public,PGH,Experimental,23.0
UKPGS,BLJ07,Suburban,Public,PGH,Experimental,23.0
UKPGS,CHAJB,Suburban,Public,PGH,Experimental,23.0
UKPGS,DXJFP,Suburban,Public,PGH,Experimental,23.0
UKPGS,EAKC5,Suburban,Public,PGH,Experimental,23.0
UKPGS,F51X9,Suburban,Public,PGH,Experimental,23.0
UKPGS,IGUFT,Suburban,Public,PGH,Experimental,23.0
UKPGS,JG0OS,Suburban,Public,PGH,Experimental,23.0
UKPGS,JHB0I,Suburban,Public,PGH,Experimental,23.0
UKPGS,LB4AC,Suburban,Public,PGH,Experimental,23.0
UKPGS,O77YR,Suburban,Public,PGH,Experimental,23.0
UKPGS,OA330,Suburban,Public,PGH,Experimental,23.0
UKPGS,QZX9P,Suburban,Public,PGH,Experimental,23.0
UKPGS,TBYDV,Suburban,Public,PGH,Experimental,23.0
UKPGS,TFEUO,Suburban,Public,PGH,Experimental,23.0
UKPGS,W2GFZ,Suburban,Public,PGH,Experimental,23.0
UKPGS,WQCRG,Suburban,Public,PGH,Experimental,23.0
UKPGS,X3GT7,Suburban,Public,PGH,Experimental,23.0
UKPGS,3BGGH,Suburban,Public,XXE,Standard,22.0
UKPGS,3YWAD,Suburban,Public,XXE,Standard,22.0
UKPGS,65F54,Suburban,Public,XXE,Standard,22.0
UKPGS,6DY5A,Suburban,Public,XXE,Standard,22.0
UKPGS,A85PD,Suburban,Public,XXE,Standard,22.0
UKPGS,B5CG1,Suburban,Public,XXE,Standard,22.0
UKPGS,G5CGC,Suburban,Public,XXE,Standard,22.0
UKPGS,HQ67D,Suburban,Public,XXE,Standard,22.0
UKPGS,I0A4E,Suburban,Public,XXE,Standard,22.0
UKPGS,I3X3Z,Suburban,Public,XXE,Standard,22.0
UKPGS,JWURS,Suburban,Public,XXE,Standard,22.0
UKPGS,NFI2E,Suburban,Public,XXE,Standard,22.0
UKPGS,O4GRR,Suburban,Public,XXE,Standard,22.0
UKPGS,PSZFU,Suburban,Public,XXE,Standard,22.0
UKPGS,QDBCB,Suburban,Public,XXE,Standard,22.0
UKPGS,SVZZ0,Suburban,Public,XXE,Standard,22.0
UKPGS,U25RO,Suburban,Public,XXE,Standard,22.0
UKPGS,UGYBD,Suburban,Public,XXE,Standard,22.0
UKPGS,UNN56,Suburban,Public,XXE,Standard,22.0
UKPGS,XQA13,Suburban,Public,XXE,Standard,22.0
UKPGS,YDXV0,Suburban,Public,XXE,Standard,22.0
UKPGS,YSH7U,Suburban,Public,XXE,Standard,22.0
UUUQX,0KUVX,Suburban,Non-public,6C1,Standard,16.0
UUUQX,1BEFZ,Suburban,Non-public,6C1,Standard,16.0
UUUQX,5C3GO,Suburban,Non-public,6C1,Standard,16.0
UUUQX,7OLG6,Suburban,Non-public,6C1,Standard,16.0
UUUQX,86HWL,Suburban,Non-public,6C1,Standard,16.0
UUUQX,95R1X,Suburban,Non-public,6C1,Standard,16.0
UUUQX,CWZPO,Suburban,Non-public,6C1,Standard,16.0
UUUQX,MN04N,Suburban,Non-public,6C1,Standard,16.0
UUUQX,MYVA0,Suburban,Non-public,6C1,Standard,16.0
UUUQX,OCUFY,Suburban,Non-public,6C1,Standard,16.0
UUUQX,QDWO8,Suburban,Non-public,6C1,Standard,16.0
UUUQX,W2UP9,Suburban,Non-public,6C1,Standard,16.0
UUUQX,X6H3Z,Suburban,Non-public,6C1,Standard,16.0
UUUQX,XH5US,Suburban,Non-public,6C1,Standard,16.0
UUUQX,Y3HMW,Suburban,Non-public,6C1,Standard,16.0
UUUQX,Z2JKR,Suburban,Non-public,6C1,Standard,16.0
UUUQX,236KA,Suburban,Non-public,AE1,Experimental,17.0
UUUQX,25NAF,Suburban,Non-public,AE1,Experimental,17.0
UUUQX,4ER6K,Suburban,Non-public,AE1,Experimental,17.0
UUUQX,5BAJD,Suburban,Non-public,AE1,Experimental,17.0
UUUQX,5CQKT,Suburban,Non-public,AE1,Experimental,17.0
UUUQX,5T3FK,Suburban,Non-public,AE1,Experimental,17.0
UUUQX,8SREJ,Suburban,Non-public,AE1,Experimental,17.0
UUUQX,IG2ZG,Suburban,Non-public,AE1,Experimental,17.0
UUUQX,P73C4,Suburban,Non-public,AE1,Experimental,17.0
UUUQX,PN7DI,Suburban,Non-public,AE1,Experimental,17.0
UUUQX,PWTOX,Suburban,Non-public,AE1,Experimental,17.0
UUUQX,RF5NL,Suburban,Non-public,AE1,Experimental,17.0
UUUQX,S3D1U,Suburban,Non-public,AE1,Experimental,17.0
UUUQX,T0NB9,Suburban,Non-public,AE1,Experimental,17.0
UUUQX,U19G8,Suburban,Non-public,AE1,Experimental,17.0
UUUQX,UWEZN,Suburban,Non-public,AE1,Experimental,17.0
UUUQX,WIX9F,Suburban,Non-public,AE1,Experimental,17.0
UUUQX,0U7J2,Suburban,Non-public,H7S,Experimental,16.0
UUUQX,13G8V,Suburban,Non-public,H7S,Experimental,16.0
UUUQX,1FKL9,Suburban,Non-public,H7S,Experimental,16.0
UUUQX,34TV1,Suburban,Non-public,H7S,Experimental,16.0
UUUQX,4DXL9,Suburban,Non-public,H7S,Experimental,16.0
UUUQX,4EVEG,Suburban,Non-public,H7S,Experimental,16.0
UUUQX,8MR97,Suburban,Non-public,H7S,Experimental,16.0
UUUQX,9J2Z8,Suburban,Non-public,H7S,Experimental,16.0
UUUQX,BIFAM,Suburban,Non-public,H7S,Experimental,16.0
UUUQX,HY397,Suburban,Non-public,H7S,Experimental,16.0
UUUQX,P9VM7,Suburban,Non-public,H7S,Experimental,16.0
UUUQX,PBMNM,Suburban,Non-public,H7S,Experimental,16.0
UUUQX,R4LBA,Suburban,Non-public,H7S,Experimental,16.0
UUUQX,RMUPP,Suburban,Non-public,H7S,Experimental,16.0
UUUQX,TAFK3,Suburban,Non-public,H7S,Experimental,16.0
UUUQX,XWXL4,Suburban,Non-public,H7S,Experimental,16.0
UUUQX,038FI,Suburban,Non-public,P8I,Standard,20.0
UUUQX,05KAX,Suburban,Non-public,P8I,Standard,20.0
UUUQX,20UT3,Suburban,Non-public,P8I,Standard,20.0
UUUQX,4QD4Z,Suburban,Non-public,P8I,Standard,20.0
UUUQX,5QKZ9,Suburban,Non-public,P8I,Standard,20.0
UUUQX,7L0U6,Suburban,Non-public,P8I,Standard,20.0
UUUQX,8RSUD,Suburban,Non-public,P8I,Standard,20.0
UUUQX,AYAZF,Suburban,Non-public,P8I,Standard,20.0
UUUQX,C3584,Suburban,Non-public,P8I,Standard,20.0
UUUQX,DPUY4,Suburban,Non-public,P8I,Standard,20.0
UUUQX,HYYYA,Suburban,Non-public,P8I,Standard,20.0
UUUQX,PRZUQ,Suburban,Non-public,P8I,Standard,20.0
UUUQX,QM24G,Suburban,Non-public,P8I,Standard,20.0
UUUQX,S98ME,Suburban,Non-public,P8I,Standard,20.0
UUUQX,SEBPC,Suburban,Non-public,P8I,Standard,20.0
UUUQX,SMJ14,Suburban,Non-public,P8I,Standard,20.0
UUUQX,T570M,Suburban,Non-public,P8I,Standard,20.0
UUUQX,WB8AL,Suburban,Non-public,P8I,Standard,20.0
UUUQX,Y6B5R,Suburban,Non-public,P8I,Standard,20.0
UUUQX,Z2G9R,Suburban,Non-public,P8I,Standard,20.0
UUUQX,07N4F,Suburban,Non-public,SSP,Standard,15.0
UUUQX,0AIOR,Suburban,Non-public,SSP,Standard,15.0
UUUQX,37W3X,Suburban,Non-public,SSP,Standard,15.0
UUUQX,3E36E,Suburban,Non-public,SSP,Standard,15.0
UUUQX,3SWL5,Suburban,Non-public,SSP,Standard,15.0
UUUQX,8ECN8,Suburban,Non-public,SSP,Standard,15.0
UUUQX,ER2T8,Suburban,Non-public,SSP,Standard,15.0
UUUQX,GTHLL,Suburban,Non-public,SSP,Standard,15.0
UUUQX,IT97C,Suburban,Non-public,SSP,Standard,15.0
UUUQX,IZDY7,Suburban,Non-public,SSP,Standard,15.0
UUUQX,JPYUB,Suburban,Non-public,SSP,Standard,15.0
UUUQX,NTU46,Suburban,Non-public,SSP,Standard,15.0
UUUQX,Q7ZIU,Suburban,Non-public,SSP,Standard,15.0
UUUQX,YTS8T,Suburban,Non-public,SSP,Standard,15.0
UUUQX,Z4549,Suburban,Non-public,SSP,Standard,15.0
VHDHF,18VK7,Rural,Non-public,CD8,Experimental,20.0
VHDHF,80E09,Rural,Non-public,CD8,Experimental,20.0
VHDHF,8HJY3,Rural,Non-public,CD8,Experimental,20.0
VHDHF,AN3SG,Rural,Non-public,CD8,Experimental,20.0
VHDHF,BB5YM,Rural,Non-public,CD8,Experimental,20.0
VHDHF,BEC7H,Rural,Non-public,CD8,Experimental,20.0
VHDHF,GCN2Y,Rural,Non-public,CD8,Experimental,20.0
VHDHF,GF5N4,Rural,Non-public,CD8,Experimental,20.0
VHDHF,GZYH3,Rural,Non-public,CD8,Experimental,20.0
VHDHF,HA8N7,Rural,Non-public,CD8,Experimental,20.0
VHDHF,I2MTP,Rural,Non-public,CD8,Experimental,20.0
VHDHF,IKVTW,Rural,Non-public,CD8,Experimental,20.0
VHDHF,NOHNV,Rural,Non-public,CD8,Experimental,20.0
VHDHF,O8UE1,Rural,Non-public,CD8,Experimental,20.0
VHDHF,PA8XJ,Rural,Non-public,CD8,Experimental,20.0
VHDHF,QKSBS,Rural,Non-public,CD8,Experimental,20.0
VHDHF,RY6W4,Rural,Non-public,CD8,Experimental,20.0
VHDHF,THJJ1,Rural,Non-public,CD8,Experimental,20.0
VHDHF,TQFGY,Rural,Non-public,CD8,Experimental,20.0
VHDHF,TRBDH,Rural,Non-public,CD8,Experimental,20.0
VHDHF,16EN7,Rural,Non-public,J6X,Standard,16.0
VHDHF,42NEO,Rural,Non-public,J6X,Standard,16.0
VHDHF,583ZR,Rural,Non-public,J6X,Standard,16.0
VHDHF,8QPPC,Rural,Non-public,J6X,Standard,16.0
VHDHF,9UO4I,Rural,Non-public,J6X,Standard,16.0
VHDHF,A8F0T,Rural,Non-public,J6X,Standard,16.0
VHDHF,DSKAZ,Rural,Non-public,J6X,Standard,16.0
VHDHF,H7BTQ,Rural,Non-public,J6X,Standard,16.0
VHDHF,I0TKZ,Rural,Non-public,J6X,Standard,16.0
VHDHF,I8P7Y,Rural,Non-public,J6X,Standard,16.0
VHDHF,J8DNL,Rural,Non-public,J6X,Standard,16.0
VHDHF,JDBQH,Rural,Non-public,J6X,Standard,16.0
VHDHF,LNO77,Rural,Non-public,J6X,Standard,16.0
VHDHF,PKXMF,Rural,Non-public,J6X,Standard,16.0
VHDHF,W4UNG,Rural,Non-public,J6X,Standard,16.0
VHDHF,W77MX,Rural,Non-public,J6X,Standard,16.0
VHDHF,147UW,Rural,Non-public,KR1,Experimental,15.0
VHDHF,6CQH6,Rural,Non-public,KR1,Experimental,15.0
VHDHF,97YOT,Rural,Non-public,KR1,Experimental,15.0
VHDHF,99UUZ,Rural,Non-public,KR1,Experimental,15.0
VHDHF,CZYTB,Rural,Non-public,KR1,Experimental,15.0
VHDHF,DLUWQ,Rural,Non-public,KR1,Experimental,15.0
VHDHF,K0GYZ,Rural,Non-public,KR1,Experimental,15.0
VHDHF,M0EE2,Rural,Non-public,KR1,Experimental,15.0
VHDHF,MNVG5,Rural,Non-public,KR1,Experimental,15.0
VHDHF,MYZZ8,Rural,Non-public,KR1,Experimental,15.0
VHDHF,O2CP6,Rural,Non-public,KR1,Experimental,15.0
VHDHF,OA4KH,Rural,Non-public,KR1,Experimental,15.0
VHDHF,UQEHO,Rural,Non-public,KR1,Experimental,15.0
VHDHF,UV4VL,Rural,Non-public,KR1,Experimental,15.0
VHDHF,X36VE,Rural,Non-public,KR1,Experimental,15.0
VKWQH,251LB,Rural,Public,341,Standard,18.0
VKWQH,4Q94R,Rural,Public,341,Standard,18.0
VKWQH,4RLVS,Rural,Public,341,Standard,18.0
VKWQH,CWETG,Rural,Public,341,Standard,18.0
VKWQH,DJK1N,Rural,Public,341,Standard,18.0
VKWQH,DWGQI,Rural,Public,341,Standard,18.0
VKWQH,GUQVH,Rural,Public,341,Standard,18.0
VKWQH,GXAG3,Rural,Public,341,Standard,18.0
VKWQH,HQTXY,Rural,Public,341,Standard,18.0
VKWQH,JK8YI,Rural,Public,341,Standard,18.0
VKWQH,KJDK7,Rural,Public,341,Standard,18.0
VKWQH,MJ0LU,Rural,Public,341,Standard,18.0
VKWQH,MZBQW,Rural,Public,341,Standard,18.0
VKWQH,S6ZUI,Rural,Public,341,Standard,18.0
VKWQH,SI1WU,Rural,Public,341,Standard,18.0
VKWQH,UGL3V,Rural,Public,341,Standard,18.0
VKWQH,V0B10,Rural,Public,341,Standard,18.0
VKWQH,ZY9X3,Rural,Public,341,Standard,18.0
VKWQH,094FR,Rural,Public,D33,Standard,21.0
VKWQH,3BJMM,Rural,Public,D33,Standard,21.0
VKWQH,71EC6,Rural,Public,D33,Standard,21.0
VKWQH,74CHH,Rural,Public,D33,Standard,21.0
VKWQH,7XG5T,Rural,Public,D33,Standard,21.0
VKWQH,BJ4Z5,Rural,Public,D33,Standard,21.0
VKWQH,CPQ7T,Rural,Public,D33,Standard,21.0
VKWQH,FTDEU,Rural,Public,D33,Standard,21.0
VKWQH,FTUTG,Rural,Public,D33,Standard,21.0
VKWQH,H2AGT,Rural,Public,D33,Standard,21.0
VKWQH,H4ECV,Rural,Public,D33,Standard,21.0
VKWQH,HA68O,Rural,Public,D33,Standard,21.0
VKWQH,OD271,Rural,Public,D33,Standard,21.0
VKWQH,Q6SBB,Rural,Public,D33,Standard,21.0
VKWQH,QCQET,Rural,Public,D33,Standard,21.0
VKWQH,TQDZV,Rural,Public,D33,Standard,21.0
VKWQH,UQYQ1,Rural,Public,D33,Standard,21.0
VKWQH,VSCUG,Rural,Public,D33,Standard,21.0
VKWQH,XL3MD,Rural,Public,D33,Standard,21.0
VKWQH,YJLKC,Rural,Public,D33,Standard,21.0
VKWQH,ZGB9Z,Rural,Public,D33,Standard,21.0
VKWQH,0U8FN,Rural,Public,DFQ,Experimental,19.0
VKWQH,0VTPD,Rural,Public,DFQ,Experimental,19.0
VKWQH,18OHA,Rural,Public,DFQ,Experimental,19.0
VKWQH,31OXZ,Rural,Public,DFQ,Experimental,19.0
VKWQH,35KZZ,Rural,Public,DFQ,Experimental,19.0
VKWQH,7K0K0,Rural,Public,DFQ,Experimental,19.0
VKWQH,8LFBJ,Rural,Public,DFQ,Experimental,19.0
VKWQH,D1I4F,Rural,Public,DFQ,Experimental,19.0
VKWQH,D2SZO,Rural,Public,DFQ,Experimental,19.0
VKWQH,DMCWG,Rural,Public,DFQ,Experimental,19.0
VKWQH,E40SE,Rural,Public,DFQ,Experimental,19.0
VKWQH,ICZUM,Rural,Public,DFQ,Experimental,19.0
VKWQH,KM4CH,Rural,Public,DFQ,Experimental,19.0
VKWQH,L9I8P,Rural,Public,DFQ,Experimental,19.0
VKWQH,NC4UO,Rural,Public,DFQ,Experimental,19.0
VKWQH,NTWOX,Rural,Public,DFQ,Experimental,19.0
VKWQH,SHWYN,Rural,Public,DFQ,Experimental,19.0
VKWQH,TRU03,Rural,Public,DFQ,Experimental,19.0
VKWQH,ZKC14,Rural,Public,DFQ,Experimental,19.0
VKWQH,1E2N1,Rural,Public,GYM,Standard,20.0
VKWQH,39RRR,Rural,Public,GYM,Standard,20.0
VKWQH,9FZ9I,Rural,Public,GYM,Standard,20.0
VKWQH,9ZYVG,Rural,Public,GYM,Standard,20.0
VKWQH,BC9MW,Rural,Public,GYM,Standard,20.0
VKWQH,CE3B7,Rural,Public,GYM,Standard,20.0
VKWQH,EEDA4,Rural,Public,GYM,Standard,20.0
VKWQH,EMI9G,Rural,Public,GYM,Standard,20.0
VKWQH,MRUD1,Rural,Public,GYM,Standard,20.0
VKWQH,OOUK4,Rural,Public,GYM,Standard,20.0
VKWQH,P7PFY,Rural,Public,GYM,Standard,20.0
VKWQH,PW0KX,Rural,Public,GYM,Standard,20.0
VKWQH,SMXWL,Rural,Public,GYM,Standard,20.0
VKWQH,SP09I,Rural,Public,GYM,Standard,20.0
VKWQH,T9YB9,Rural,Public,GYM,Standard,20.0
VKWQH,U8IBL,Rural,Public,GYM,Standard,20.0
VKWQH,UP1PU,Rural,Public,GYM,Standard,20.0
VKWQH,XALAZ,Rural,Public,GYM,Standard,20.0
VKWQH,Y8E09,Rural,Public,GYM,Standard,20.0
VKWQH,YWJV1,Rural,Public,GYM,Standard,20.0
VKWQH,04GS3,Rural,Public,IEM,Experimental,22.0
VKWQH,04TG9,Rural,Public,IEM,Experimental,22.0
VKWQH,3NOO6,Rural,Public,IEM,Experimental,22.0
VKWQH,3X09W,Rural,Public,IEM,Experimental,22.0
VKWQH,43TA7,Rural,Public,IEM,Experimental,22.0
VKWQH,7Y0SC,Rural,Public,IEM,Experimental,22.0
VKWQH,895T7,Rural,Public,IEM,Experimental,22.0
VKWQH,BT2IT,Rural,Public,IEM,Experimental,22.0
VKWQH,C32WQ,Rural,Public,IEM,Experimental,22.0
VKWQH,HVQDV,Rural,Public,IEM,Experimental,22.0
VKWQH,JP1PK,Rural,Public,IEM,Experimental,22.0
VKWQH,K93GE,Rural,Public,IEM,Experimental,22.0
VKWQH,KFQEB,Rural,Public,IEM,Experimental,22.0
VKWQH,KPTGF,Rural,Public,IEM,Experimental,22.0
VKWQH,L5CN8,Rural,Public,IEM,Experimental,22.0
VKWQH,NNWQ5,Rural,Public,IEM,Experimental,22.0
VKWQH,QZWJY,Rural,Public,IEM,Experimental,22.0
VKWQH,RGPSQ,Rural,Public,IEM,Experimental,22.0
VKWQH,XCWK3,Rural,Public,IEM,Experimental,22.0
VKWQH,YEYXG,Rural,Public,IEM,Experimental,22.0
VKWQH,YGX7N,Rural,Public,IEM,Experimental,22.0
VKWQH,YZJEF,Rural,Public,IEM,Experimental,22.0
VVTVA,15IAX,Urban,Public,7BL,Standard,29.0
VVTVA,174XC,Urban,Public,7BL,Standard,29.0
VVTVA,40ENN,Urban,Public,7BL,Standard,29.0
VVTVA,81JIV,Urban,Public,7BL,Standard,29.0
VVTVA,87JFN,Urban,Public,7BL,Standard,29.0
VVTVA,8KIIZ,Urban,Public,7BL,Standard,29.0
VVTVA,BZG6L,Urban,Public,7BL,Standard,29.0
VVTVA,CBSY2,Urban,Public,7BL,Standard,29.0
VVTVA,FQUMU,Urban,Public,7BL,Standard,29.0
VVTVA,H2WZ7,Urban,Public,7BL,Standard,29.0
VVTVA,JGQ0Z,Urban,Public,7BL,Standard,29.0
VVTVA,KBJ1D,Urban,Public,7BL,Standard,29.0
VVTVA,L1BB3,Urban,Public,7BL,Standard,29.0
VVTVA,MIGFL,Urban,Public,7BL,Standard,29.0
VVTVA,MP34B,Urban,Public,7BL,Standard,29.0
VVTVA,NW57G,Urban,Public,7BL,Standard,29.0
VVTVA,P4T8T,Urban,Public,7BL,Standard,29.0
VVTVA,PVNY9,Urban,Public,7BL,Standard,29.0
VVTVA,QRZUK,Urban,Public,7BL,Standard,29.0
VVTVA,RC59J,Urban,Public,7BL,Standard,29.0
VVTVA,TIVFF,Urban,Public,7BL,Standard,29.0
VVTVA,TOJEJ,Urban,Public,7BL,Standard,29.0
VVTVA,TRHW9,Urban,Public,7BL,Standard,29.0
VVTVA,U3U5H,Urban,Public,7BL,Standard,29.0
VVTVA,VQB53,Urban,Public,7BL,Standard,29.0
VVTVA,VSJ34,Urban,Public,7BL,Standard,29.0
VVTVA,VVZRY,Urban,Public,7BL,Standard,29.0
VVTVA,W5895,Urban,Public,7BL,Standard,29.0
VVTVA,YED8S,Urban,Public,7BL,Standard,29.0
VVTVA,0CSKF,Urban,Public,A93,Experimental,30.0
VVTVA,0JIY9,Urban,Public,A93,Experimental,30.0
VVTVA,1LC61,Urban,Public,A93,Experimental,30.0
VVTVA,2MA9Q,Urban,Public,A93,Experimental,30.0
VVTVA,4Q5SZ,Urban,Public,A93,Experimental,30.0
VVTVA,4YT5N,Urban,Public,A93,Experimental,30.0
VVTVA,50ZC7,Urban,Public,A93,Experimental,30.0
VVTVA,5N7ID,Urban,Public,A93,Experimental,30.0
VVTVA,6KU2U,Urban,Public,A93,Experimental,30.0
VVTVA,70JDC,Urban,Public,A93,Experimental,30.0
VVTVA,9NW7W,Urban,Public,A93,Experimental,30.0
VVTVA,A84RV,Urban,Public,A93,Experimental,30.0
VVTVA,C1MCZ,Urban,Public,A93,Experimental,30.0
VVTVA,CB2FT,Urban,Public,A93,Experimental,30.0
VVTVA,G8OOV,Urban,Public,A93,Experimental,30.0
VVTVA,H1U8Q,Urban,Public,A93,Experimental,30.0
VVTVA,H9OAN,Urban,Public,A93,Experimental,30.0
VVTVA,HY8JN,Urban,Public,A93,Experimental,30.0
VVTVA,J4PGQ,Urban,Public,A93,Experimental,30.0
VVTVA,JDLDM,Urban,Public,A93,Experimental,30.0
VVTVA,K5OC0,Urban,Public,A93,Experimental,30.0
VVTVA,LBM49,Urban,Public,A93,Experimental,30.0
VVTVA,NU14D,Urban,Public,A93,Experimental,30.0
VVTVA,QRX9B,Urban,Public,A93,Experimental,30.0
VVTVA,S7D4C,Urban,Public,A93,Experimental,30.0
VVTVA,T03G6,Urban,Public,A93,Experimental,30.0
VVTVA,U1ACT,Urban,Public,A93,Experimental,30.0
VVTVA,VCB7U,Urban,Public,A93,Experimental,30.0
VVTVA,XK2EB,Urban,Public,A93,Experimental,30.0
VVTVA,ZZGRB,Urban,Public,A93,Experimental,30.0
VVTVA,0G8PS,Urban,Public,TB5,Standard,25.0
VVTVA,0QJP2,Urban,Public,TB5,Standard,25.0
VVTVA,2J7T0,Urban,Public,TB5,Standard,25.0
VVTVA,3M3RV,Urban,Public,TB5,Standard,25.0
VVTVA,4GUB6,Urban,Public,TB5,Standard,25.0
VVTVA,4OIRE,Urban,Public,TB5,Standard,25.0
VVTVA,59212,Urban,Public,TB5,Standard,25.0
VVTVA,925X9,Urban,Public,TB5,Standard,25.0
VVTVA,G5H8L,Urban,Public,TB5,Standard,25.0
VVTVA,GPML4,Urban,Public,TB5,Standard,25.0
VVTVA,K4MPY,Urban,Public,TB5,Standard,25.0
VVTVA,N2XBL,Urban,Public,TB5,Standard,25.0
VVTVA,N3AUM,Urban,Public,TB5,Standard,25.0
VVTVA,NANUJ,Urban,Public,TB5,Standard,25.0
VVTVA,NGT5E,Urban,Public,TB5,Standard,25.0
VVTVA,P27OQ,Urban,Public,TB5,Standard,25.0
VVTVA,PCXJH,Urban,Public,TB5,Standard,25.0
VVTVA,R79FQ,Urban,Public,TB5,Standard,25.0
VVTVA,S9W29,Urban,Public,TB5,Standard,25.0
VVTVA,SSNCF,Urban,Public,TB5,Standard,25.0
VVTVA,TJBLQ,Urban,Public,TB5,Standard,25.0
VVTVA,XBNC5,Urban,Public,TB5,Standard,25.0
VVTVA,ZBEKA,Urban,Public,TB5,Standard,25.0
VVTVA,ZO5AZ,Urban,Public,TB5,Standard,25.0
VVTVA,ZSJWH,Urban,Public,TB5,Standard,25.0
VVTVA,0797N,Urban,Public,YTB,Experimental,30.0
VVTVA,0DG2C,Urban,Public,YTB,Experimental,30.0
VVTVA,1DAZA,Urban,Public,YTB,Experimental,30.0
VVTVA,2PYGZ,Urban,Public,YTB,Experimental,30.0
VVTVA,4O9S7,Urban,Public,YTB,Experimental,30.0
VVTVA,4SH2S,Urban,Public,YTB,Experimental,30.0
VVTVA,55LK7,Urban,Public,YTB,Experimental,30.0
VVTVA,8B9F4,Urban,Public,YTB,Experimental,30.0
VVTVA,CJSVH,Urban,Public,YTB,Experimental,30.0
VVTVA,D1CF9,Urban,Public,YTB,Experimental,30.0
VVTVA,DC2NZ,Urban,Public,YTB,Experimental,30.0
VVTVA,G1D76,Urban,Public,YTB,Experimental,30.0
VVTVA,GZ4RT,Urban,Public,YTB,Experimental,30.0
VVTVA,HRW4T,Urban,Public,YTB,Experimental,30.0
VVTVA,IKNTB,Urban,Public,YTB,Experimental,30.0
VVTVA,IWYXK,Urban,Public,YTB,Experimental,30.0
VVTVA,L9OB0,Urban,Public,YTB,Experimental,30.0
VVTVA,M0WG3,Urban,Public,YTB,Experimental,30.0
VVTVA,M4R5B,Urban,Public,YTB,Experimental,30.0
VVTVA,PJHRU,Urban,Public,YTB,Experimental,30.0
VVTVA,QIHFX,Urban,Public,YTB,Experimental,30.0
VVTVA,QIOYE,Urban,Public,YTB,Experimental,30.0
VVTVA,SEB4N,Urban,Public,YTB,Experimental,30.0
VVTVA,SZR80,Urban,Public,YTB,Experimental,30.0
VVTVA,T0WEF,Urban,Public,YTB,Experimental,30.0
VVTVA,UIHRK,Urban,Public,YTB,Experimental,30.0
VVTVA,WZ6C2,Urban,Public,YTB,Experimental,30.0
VVTVA,Y5PIH,Urban,Public,YTB,Experimental,30.0
VVTVA,YU2SU,Urban,Public,YTB,Experimental,30.0
VVTVA,YXR0L,Urban,Public,YTB,Experimental,30.0
ZMNYA,16XHE,Suburban,Public,1UU,Experimental,24.0
ZMNYA,5A1B5,Suburban,Public,1UU,Experimental,24.0
ZMNYA,5SPC0,Suburban,Public,1UU,Experimental,24.0
ZMNYA,A6LGX,Suburban,Public,1UU,Experimental,24.0
ZMNYA,B4HL9,Suburban,Public,1UU,Experimental,24.0
ZMNYA,BG529,Suburban,Public,1UU,Experimental,24.0
ZMNYA,BN7PS,Suburban,Public,1UU,Experimental,24.0
ZMNYA,C3HZR,Suburban,Public,1UU,Experimental,24.0
ZMNYA,DP3H5,Suburban,Public,1UU,Experimental,24.0
ZMNYA,HTRAZ,Suburban,Public,1UU,Experimental,24.0
ZMNYA,I55J5,Suburban,Public,1UU,Experimental,24.0
ZMNYA,M9WKI,Suburban,Public,1UU,Experimental,24.0
ZMNYA,MESYT,Suburban,Public,1UU,Experimental,24.0
ZMNYA,PKBZJ,Suburban,Public,1UU,Experimental,24.0
ZMNYA,RB07N,Suburban,Public,1UU,Experimental,24.0
ZMNYA,S0FNE,Suburban,Public,1UU,Experimental,24.0
ZMNYA,S5K17,Suburban,Public,1UU,Experimental,24.0
ZMNYA,THYVQ,Suburban,Public,1UU,Experimental,24.0
ZMNYA,TNDD2,Suburban,Public,1UU,Experimental,24.0
ZMNYA,ULC89,Suburban,Public,1UU,Experimental,24.0
ZMNYA,ULX1M,Suburban,Public,1UU,Experimental,24.0
ZMNYA,VNYVB,Suburban,Public,1UU,Experimental,24.0
ZMNYA,VYPIZ,Suburban,Public,1UU,Experimental,24.0
ZMNYA,ZX8TB,Suburban,Public,1UU,Experimental,24.0
ZMNYA,0QDDH,Suburban,Public,4NN,Standard,22.0
ZMNYA,0ZQYJ,Suburban,Public,4NN,Standard,22.0
ZMNYA,1ZWVL,Suburban,Public,4NN,Standard,22.0
ZMNYA,3DTQB,Suburban,Public,4NN,Standard,22.0
ZMNYA,46P8Y,Suburban,Public,4NN,Standard,22.0
ZMNYA,4KPNR,Suburban,Public,4NN,Standard,22.0
ZMNYA,4R4Z0,Suburban,Public,4NN,Standard,22.0
ZMNYA,4YJOE,Suburban,Public,4NN,Standard,22.0
ZMNYA,7BEF7,Suburban,Public,4NN,Standard,22.0
ZMNYA,EXMME,Suburban,Public,4NN,Standard,22.0
ZMNYA,FHSAV,Suburban,Public,4NN,Standard,22.0
ZMNYA,H4GR3,Suburban,Public,4NN,Standard,22.0
ZMNYA,M7JDV,Suburban,Public,4NN,Standard,22.0
ZMNYA,O8XZF,Suburban,Public,4NN,Standard,22.0
ZMNYA,OIM1Z,Suburban,Public,4NN,Standard,22.0
ZMNYA,OQQRA,Suburban,Public,4NN,Standard,22.0
ZMNYA,PU6GL,Suburban,Public,4NN,Standard,22.0
ZMNYA,R63EU,Suburban,Public,4NN,Standard,22.0
ZMNYA,RXDYK,Suburban,Public,4NN,Standard,22.0
ZMNYA,T7W1C,Suburban,Public,4NN,Standard,22.0
ZMNYA,VHOWB,Suburban,Public,4NN,Standard,22.0
ZMNYA,W9Z34,Suburban,Public,4NN,Standard,22.0
ZMNYA,3IMPL,Suburban,Public,V77,Experimental,23.0
ZMNYA,4QLN0,Suburban,Public,V77,Experimental,23.0
ZMNYA,4RLML,Suburban,Public,V77,Experimental,23.0
ZMNYA,50XI0,Suburban,Public,V77,Experimental,23.0
ZMNYA,AGNIN,Suburban,Public,V77,Experimental,23.0
ZMNYA,AYQBQ,Suburban,Public,V77,Experimental,23.0
ZMNYA,B15UA,Suburban,Public,V77,Experimental,23.0
ZMNYA,B3Z3I,Suburban,Public,V77,Experimental,23.0
ZMNYA,C6ESF,Suburban,Public,V77,Experimental,23.0
ZMNYA,GRE0J,Suburban,Public,V77,Experimental,23.0
ZMNYA,H0FE9,Suburban,Public,V77,Experimental,23.0
ZMNYA,HK7UN,Suburban,Public,V77,Experimental,23.0
ZMNYA,JZJZ5,Suburban,Public,V77,Experimental,23.0
ZMNYA,M8LLN,Suburban,Public,V77,Experimental,23.0
ZMNYA,MKQ5V,Suburban,Public,V77,Experimental,23.0
ZMNYA,MLDXH,Suburban,Public,V77,Experimental,23.0
ZMNYA,NM0PL,Suburban,Public,V77,Experimental,23.0
ZMNYA,NRHVW,Suburban,Public,V77,Experimental,23.0
ZMNYA,NZ8Y5,Suburban,Public,V77,Experimental,23.0
ZMNYA,O4C5C,Suburban,Public,V77,Experimental,23.0
ZMNYA,QEVVU,Suburban,Public,V77,Experimental,23.0
ZMNYA,WV4F0,Suburban,Public,V77,Experimental,23.0
ZMNYA,ZT5SN,Suburban,Public,V77,Experimental,23.0
ZOWMK,14BAR,Urban,Public,CII,Standard,27.0
ZOWMK,3MRKS,Urban,Public,CII,Standard,27.0
ZOWMK,5WRPI,Urban,Public,CII,Standard,27.0
ZOWMK,5YI2B,Urban,Public,CII,Standard,27.0
ZOWMK,6J0JA,Urban,Public,CII,Standard,27.0
ZOWMK,98TI9,Urban,Public,CII,Standard,27.0
ZOWMK,99HQT,Urban,Public,CII,Standard,27.0
ZOWMK,AOI1Q,Urban,Public,CII,Standard,27.0
ZOWMK,BR251,Urban,Public,CII,Standard,27.0
ZOWMK,CMBNG,Urban,Public,CII,Standard,27.0
ZOWMK,DAAHG,Urban,Public,CII,Standard,27.0
ZOWMK,DUWJP,Urban,Public,CII,Standard,27.0
ZOWMK,H6YJI,Urban,Public,CII,Standard,27.0
ZOWMK,H8BK5,Urban,Public,CII,Standard,27.0
ZOWMK,HSDFE,Urban,Public,CII,Standard,27.0
ZOWMK,KEX5T,Urban,Public,CII,Standard,27.0
ZOWMK,LAO5O,Urban,Public,CII,Standard,27.0
ZOWMK,LNU0R,Urban,Public,CII,Standard,27.0
ZOWMK,N3QE5,Urban,Public,CII,Standard,27.0
ZOWMK,N87VR,Urban,Public,CII,Standard,27.0
ZOWMK,QJUR1,Urban,Public,CII,Standard,27.0
ZOWMK,RYOCW,Urban,Public,CII,Standard,27.0
ZOWMK,S4YGT,Urban,Public,CII,Standard,27.0
ZOWMK,TDY78,Urban,Public,CII,Standard,27.0
ZOWMK,TRR2F,Urban,Public,CII,Standard,27.0
ZOWMK,UNO2K,Urban,Public,CII,Standard,27.0
ZOWMK,Z38SS,Urban,Public,CII,Standard,27.0
ZOWMK,0VPKP,Urban,Public,Q0E,Experimental,30.0
ZOWMK,0WLKR,Urban,Public,Q0E,Experimental,30.0
ZOWMK,0XMEO,Urban,Public,Q0E,Experimental,30.0
ZOWMK,2E8OY,Urban,Public,Q0E,Experimental,30.0
ZOWMK,4SLJH,Urban,Public,Q0E,Experimental,30.0
ZOWMK,59TVE,Urban,Public,Q0E,Experimental,30.0
ZOWMK,7LUSQ,Urban,Public,Q0E,Experimental,30.0
ZOWMK,86NLD,Urban,Public,Q0E,Experimental,30.0
ZOWMK,ARY9N,Urban,Public,Q0E,Experimental,30.0
ZOWMK,C1PHS,Urban,Public,Q0E,Experimental,30.0
ZOWMK,CHF6W,Urban,Public,Q0E,Experimental,30.0
ZOWMK,CUT9U,Urban,Public,Q0E,Experimental,30.0
ZOWMK,FDPKM,Urban,Public,Q0E,Experimental,30.0
ZOWMK,FE2K4,Urban,Public,Q0E,Experimental,30.0
ZOWMK,G0LQX,Urban,Public,Q0E,Experimental,30.0
ZOWMK,GI9G6,Urban,Public,Q0E,Experimental,30.0
ZOWMK,GRQ2T,Urban,Public,Q0E,Experimental,30.0
ZOWMK,JM8WM,Urban,Public,Q0E,Experimental,30.0
ZOWMK,K6FWQ,Urban,Public,Q0E,Experimental,30.0
ZOWMK,N3CCG,Urban,Public,Q0E,Experimental,30.0
ZOWMK,O0K98,Urban,Public,Q0E,Experimental,30.0
ZOWMK,S6982,Urban,Public,Q0E,Experimental,30.0
ZOWMK,SED9R,Urban,Public,Q0E,Experimental,30.0
ZOWMK,STM05,Urban,Public,Q0E,Experimental,30.0
ZOWMK,TAFUM,Urban,Public,Q0E,Experimental,30.0
ZOWMK,TXOOF,Urban,Public,Q0E,Experimental,30.0
ZOWMK,UKCBM,Urban,Public,Q0E,Experimental,30.0
ZOWMK,VCHRB,Urban,Public,Q0E,Experimental,30.0
ZOWMK,WX1CZ,Urban,Public,Q0E,Experimental,30.0
ZOWMK,X42WM,Urban,Public,Q0E,Experimental,30.0
ZOWMK,03TIL,Urban,Public,QA2,Standard,30.0
ZOWMK,0FC2B,Urban,Public,QA2,Standard,30.0
ZOWMK,1OKDF,Urban,Public,QA2,Standard,30.0
ZOWMK,1PZC1,Urban,Public,QA2,Standard,30.0
ZOWMK,286RT,Urban,Public,QA2,Standard,30.0
ZOWMK,2IJFL,Urban,Public,QA2,Standard,30.0
ZOWMK,3IBYC,Urban,Public,QA2,Standard,30.0
ZOWMK,4FOEZ,Urban,Public,QA2,Standard,30.0
ZOWMK,6W3J2,Urban,Public,QA2,Standard,30.0
ZOWMK,7ZH49,Urban,Public,QA2,Standard,30.0
ZOWMK,8TZ7Z,Urban,Public,QA2,Standard,30.0
ZOWMK,9GPZN,Urban,Public,QA2,Standard,30.0
ZOWMK,A0OEB,Urban,Public,QA2,Standard,30.0
ZOWMK,B7AE1,Urban,Public,QA2,Standard,30.0
ZOWMK,C8BRE,Urban,Public,QA2,Standard,30.0
ZOWMK,D7CTP,Urban,Public,QA2,Standard,30.0
ZOWMK,FPUKO,Urban,Public,QA2,Standard,30.0
ZOWMK,HHNNN,Urban,Public,QA2,Standard,30.0
ZOWMK,KLN48,Urban,Public,QA2,Standard,30.0
ZOWMK,MKTFW,Urban,Public,QA2,Standard,30.0
ZOWMK,O5RMI,Urban,Public,QA2,Standard,30.0
ZOWMK,QOOMM,Urban,Public,QA2,Standard,30.0
ZOWMK,QVUI0,Urban,Public,QA2,Standard,30.0
ZOWMK,S81CK,Urban,Public,QA2,Standard,30.0
ZOWMK,SNGT7,Urban,Public,QA2,Standard,30.0
ZOWMK,VE9M5,Urban,Public,QA2,Standard,30.0
ZOWMK,VLT9X,Urban,Public,QA2,Standard,30.0
ZOWMK,WCK50,Urban,Public,QA2,Standard,30.0
ZOWMK,WTGZ3,Urban,Public,QA2,Standard,30.0
ZOWMK,XTDGC,Urban,Public,QA2,Standard,30.0
ZOWMK,14KA2,Urban,Public,ZBH,Standard,30.0
ZOWMK,1RM48,Urban,Public,ZBH,Standard,30.0
ZOWMK,1ZXE0,Urban,Public,ZBH,Standard,30.0
ZOWMK,30ZL7,Urban,Public,ZBH,Standard,30.0
ZOWMK,3GOXL,Urban,Public,ZBH,Standard,30.0
ZOWMK,3ZC0F,Urban,Public,ZBH,Standard,30.0
ZOWMK,58VZ8,Urban,Public,ZBH,Standard,30.0
ZOWMK,87CSN,Urban,Public,ZBH,Standard,30.0
ZOWMK,8VV7M,Urban,Public,ZBH,Standard,30.0
ZOWMK,B6OD9,Urban,Public,ZBH,Standard,30.0
ZOWMK,B7EZ3,Urban,Public,ZBH,Standard,30.0
ZOWMK,C7MHP,Urban,Public,ZBH,Standard,30.0
ZOWMK,E7D9H,Urban,Public,ZBH,Standard,30.0
ZOWMK,ECH9Z,Urban,Public,ZBH,Standard,30.0
ZOWMK,F4XMK,Urban,Public,ZBH,Standard,30.0
ZOWMK,FF3C5,Urban,Public,ZBH,Standard,30.0
ZOWMK,FX3Q4,Urban,Public,ZBH,Standard,30.0
ZOWMK,GKK5I,Urban,Public,ZBH,Standard,30.0
ZOWMK,J4IDO,Urban,Public,ZBH,Standard,30.0
ZOWMK,JU0SW,Urban,Public,ZBH,Standard,30.0
ZOWMK,KPR1P,Urban,Public,ZBH,Standard,30.0
ZOWMK,Q6QZP,Urban,Public,ZBH,Standard,30.0
ZOWMK,Q8JXJ,Urban,Public,ZBH,Standard,30.0
ZOWMK,R805N,Urban,Public,ZBH,Standard,30.0
ZOWMK,S4I5S,Urban,Public,ZBH,Standard,30.0
ZOWMK,T8LSK,Urban,Public,ZBH,Standard,30.0
ZOWMK,VNP26,Urban,Public,ZBH,Standard,30.0
ZOWMK,YDR1Z,Urban,Public,ZBH,Standard,30.0
ZOWMK,YUEIH,Urban,Public,ZBH,Standard,30.0
ZOWMK,ZVCQ8,Urban,Public,ZBH,Standard,30.0
