school,school_setting,school_type,classroom,teaching_method,n_student,student_id
ANKYI,Urban,Non-public,6OL,Standard,20,2FHT3
ANKYI,Urban,Non-public,6OL,Standard,20,3JIVH
ANKYI,Urban,Non-public,6OL,Standard,20,3XOWE
ANKYI,Urban,Non-public,6OL,Standard,20,556O0
ANKYI,Urban,Non-public,6OL,Standard,20,74LOE
ANKYI,Urban,Non-public,6OL,Standard,20,7YZO8
ANKYI,Urban,Non-public,6OL,Standard,20,9KMZD
ANKYI,Urban,Non-public,6OL,Standard,20,9USQK
ANKYI,Urban,Non-public,6OL,Standard,20,CS5QP
ANKYI,Urban,Non-public,6OL,Standard,20,D6HT8
ANKYI,Urban,Non-public,6OL,Standard,20,DZMKU
ANKYI,Urban,Non-public,6OL,Standard,20,FH7B9
ANKYI,Urban,Non-public,6OL,Standard,20,JI9VG
ANKYI,Urban,Non-public,6OL,Standard,20,JQM2W
ANKYI,Urban,Non-public,6OL,Standard,20,MEUC4
ANKYI,Urban,Non-public,6OL,Standard,20,R4U8H
ANKYI,Urban,Non-public,6OL,Standard,20,TH7KI
ANKYI,Urban,Non-public,6OL,Standard,20,U1FV7
ANKYI,Urban,Non-public,6OL,Standard,20,WC5I6
ANKYI,Urban,Non-public,6OL,Standard,20,ZBQ4T
ANKYI,Urban,Non-public,ZNS,Standard,21,0CRO6
ANKYI,Urban,Non-public,ZNS,Standard,21,1QMDI
ANKYI,Urban,Non-public,ZNS,Standard,21,3CFUK
ANKYI,Urban,Non-public,ZNS,Standard,21,447O0
ANKYI,Urban,Non-public,ZNS,Standard,21,4IDEM
ANKYI,Urban,Non-public,ZNS,Standard,21,5UQNP
ANKYI,Urban,Non-public,ZNS,Standard,21,AV95M
ANKYI,Urban,Non-public,ZNS,Standard,21,BX6I6
ANKYI,Urban,Non-public,ZNS,Standard,21,EYFXR
ANKYI,Urban,Non-public,ZNS,Standard,21,FFC9M
ANKYI,Urban,Non-public,ZNS,Standard,21,GGT4A
ANKYI,Urban,Non-public,ZNS,Standard,21,HRZOJ
ANKYI,Urban,Non-public,ZNS,Standard,21,IFC62
ANKYI,Urban,Non-public,ZNS,Standard,21,LLQI3
ANKYI,Urban,Non-public,ZNS,Standard,21,OCJE3
ANKYI,Urban,Non-public,ZNS,Standard,21,OGW1F
ANKYI,Urban,Non-public,ZNS,Standard,21,Q5QRY
ANKYI,Urban,Non-public,ZNS,Standard,21,TJRIV
ANKYI,Urban,Non-public,ZNS,Standard,21,U24U5
ANKYI,Urban,Non-public,ZNS,Standard,21,VKX2N
ANKYI,Urban,Non-public,ZNS,Standard,21,ZTROF
CCAAW,Suburban,Non-public,2B1,Experimental,18,1IALS
CCAAW,Suburban,Non-public,2B1,Experimental,18,5NDXD
CCAAW,Suburban,Non-public,2B1,Experimental,18,6DCTV
CCAAW,Suburban,Non-public,2B1,Experimental,18,6OB0S
CCAAW,Suburban,Non-public,2B1,Experimental,18,AITPY
CCAAW,Suburban,Non-public,2B1,Experimental,18,B8B6G
CCAAW,Suburban,Non-public,2B1,Experimental,18,C0UW3
CCAAW,Suburban,Non-public,2B1,Experimental,18,CD1MB
CCAAW,Suburban,Non-public,2B1,Experimental,18,F4ZHY
CCAAW,Suburban,Non-public,2B1,Experimental,18,GT9F2
CCAAW,Suburban,Non-public,2B1,Experimental,18,L5T1W
CCAAW,Suburban,Non-public,2B1,Experimental,18,MVXN3
CCAAW,Suburban,Non-public,2B1,Experimental,18,N7XOT
CCAAW,Suburban,Non-public,2B1,Experimental,18,NKP72
CCAAW,Suburban,Non-public,2B1,Experimental,18,QJVAM
CCAAW,Suburban,Non-public,2B1,Experimental,18,V6ZA8
CCAAW,Suburban,Non-public,2B1,Experimental,18,X4NP9
CCAAW,Suburban,Non-public,2B1,Experimental,18,YEJFP
CCAAW,Suburban,Non-public,EPS,Experimental,20,2RA1H
CCAAW,Suburban,Non-public,EPS,Experimental,20,2U37U
CCAAW,Suburban,Non-public,EPS,Experimental,20,30219
CCAAW,Suburban,Non-public,EPS,Experimental,20,3RJO7
CCAAW,Suburban,Non-public,EPS,Experimental,20,42OS6
CCAAW,Suburban,Non-public,EPS,Experimental,20,4B72M
CCAAW,Suburban,Non-public,EPS,Experimental,20,7D9JO
CCAAW,Suburban,Non-public,EPS,Experimental,20,7QNXG
CCAAW,Suburban,Non-public,EPS,Experimental,20,8HMCH
CCAAW,Suburban,Non-public,EPS,Experimental,20,8W6N8
CCAAW,Suburban,Non-public,EPS,Experimental,20,BVGDA
CCAAW,Suburban,Non-public,EPS,Experimental,20,CFICH
CCAAW,Suburban,Non-public,EPS,Experimental,20,DTGZA
CCAAW,Suburban,Non-public,EPS,Experimental,20,EEJ6S
CCAAW,Suburban,Non-public,EPS,Experimental,20,JSYRI
CCAAW,Suburban,Non-public,EPS,Experimental,20,KGFXN
CCAAW,Suburban,Non-public,EPS,Experimental,20,KTSGX
CCAAW,Suburban,Non-public,EPS,Experimental,20,SAKZI
CCAAW,Suburban,Non-public,EPS,Experimental,20,XAHWJ
CCAAW,Suburban,Non-public,EPS,Experimental,20,XP6HQ
CCAAW,Suburban,Non-public,IQN,Experimental,15,0ZAWS
CCAAW,Suburban,Non-public,IQN,Experimental,15,4CE6S
CCAAW,Suburban,Non-public,IQN,Experimental,15,DB15U
CCAAW,Suburban,Non-public,IQN,Experimental,15,GFIP5
CCAAW,Suburban,Non-public,IQN,Experimental,15,GJ8SE
CCAAW,Suburban,Non-public,IQN,Experimental,15,GYLNC
CCAAW,Suburban,Non-public,IQN,Experimental,15,H1H52
CCAAW,Suburban,Non-public,IQN,Experimental,15,JPSF7
CCAAW,Suburban,Non-public,IQN,Experimental,15,KW69V
CCAAW,Suburban,Non-public,IQN,Experimental,15,MY8XT
CCAAW,Suburban,Non-public,IQN,Experimental,15,NKEK5
CCAAW,Suburban,Non-public,IQN,Experimental,15,PCELB
CCAAW,Suburban,Non-public,IQN,Experimental,15,VLKJU
CCAAW,Suburban,Non-public,IQN,Experimental,15,WI916
CCAAW,Suburban,Non-public,IQN,Experimental,15,WO5E2
CCAAW,Suburban,Non-public,PGK,Standard,21,0U8DI
CCAAW,Suburban,Non-public,PGK,Standard,21,18YOG
CCAAW,Suburban,Non-public,PGK,Standard,21,4YN68
CCAAW,Suburban,Non-public,PGK,Standard,21,905ZT
CCAAW,Suburban,Non-public,PGK,Standard,21,9WYVP
CCAAW,Suburban,Non-public,PGK,Standard,21,A1554
CCAAW,Suburban,Non-public,PGK,Standard,21,BWRTH
CCAAW,Suburban,Non-public,PGK,Standard,21,CNECS
CCAAW,Suburban,Non-public,PGK,Standard,21,E8RRO
CCAAW,Suburban,Non-public,PGK,Standard,21,I2TFD
CCAAW,Suburban,Non-public,PGK,Standard,21,I4BNO
CCAAW,Suburban,Non-public,PGK,Standard,21,IY6DQ
CCAAW,Suburban,Non-public,PGK,Standard,21,LB8XY
CCAAW,Suburban,Non-public,PGK,Standard,21,LHBRT
CCAAW,Suburban,Non-public,PGK,Standard,21,NVH1O
CCAAW,Suburban,Non-public,PGK,Standard,21,O4BQF
CCAAW,Suburban,Non-public,PGK,Standard,21,ODYMF
CCAAW,Suburban,Non-public,PGK,Standard,21,QLX2Z
CCAAW,Suburban,Non-public,PGK,Standard,21,QPPQJ
CCAAW,Suburban,Non-public,PGK,Standard,21,ST8FC
CCAAW,Suburban,Non-public,PGK,Standard,21,XTC1Q
CCAAW,Suburban,Non-public,UHU,Experimental,16,0MRJH
CCAAW,Suburban,Non-public,UHU,Experimental,16,1RN82
CCAAW,Suburban,Non-public,UHU,Experimental,16,24AN2
CCAAW,Suburban,Non-public,UHU,Experimental,16,2XT73
CCAAW,Suburban,Non-public,UHU,Experimental,16,65RSM
CCAAW,Suburban,Non-public,UHU,Experimental,16,6QNQ9
CCAAW,Suburban,Non-public,UHU,Experimental,16,76O2H
CCAAW,Suburban,Non-public,UHU,Experimental,16,EUUCT
CCAAW,Suburban,Non-public,UHU,Experimental,16,FUCFP
CCAAW,Suburban,Non-public,UHU,Experimental,16,G3L6V
CCAAW,Suburban,Non-public,UHU,Experimental,16,I0XVJ
CCAAW,Suburban,Non-public,UHU,Experimental,16,IYNXL
CCAAW,Suburban,Non-public,UHU,Experimental,16,M5NZM
CCAAW,Suburban,Non-public,UHU,Experimental,16,PKG8H
CCAAW,Suburban,Non-public,UHU,Experimental,16,RM0W4
CCAAW,Suburban,Non-public,UHU,Experimental,16,XWY2X
CCAAW,Suburban,Non-public,UWK,Standard,19,0DLKI
CCAAW,Suburban,Non-public,UWK,Standard,19,1F817
CCAAW,Suburban,Non-public,UWK,Standard,19,1IK2C
CCAAW,Suburban,Non-public,UWK,Standard,19,1OFX7
CCAAW,Suburban,Non-public,UWK,Standard,19,21IQZ
CCAAW,Suburban,Non-public,UWK,Standard,19,5I0TO
CCAAW,Suburban,Non-public,UWK,Standard,19,5SQKW
CCAAW,Suburban,Non-public,UWK,Standard,19,7PLYH
CCAAW,Suburban,Non-public,UWK,Standard,19,8MLVH
CCAAW,Suburban,Non-public,UWK,Standard,19,CGX72
CCAAW,Suburban,Non-public,UWK,Standard,19,IBX0J
CCAAW,Suburban,Non-public,UWK,Standard,19,JY21F
CCAAW,Suburban,Non-public,UWK,Standard,19,L4B6P
CCAAW,Suburban,Non-public,UWK,Standard,19,PYYX9
CCAAW,Suburban,Non-public,UWK,Standard,19,QZI3R
CCAAW,Suburban,Non-public,UWK,Standard,19,RYJH1
CCAAW,Suburban,Non-public,UWK,Standard,19,TKWII
CCAAW,Suburban,Non-public,UWK,Standard,19,X6ZCW
CCAAW,Suburban,Non-public,UWK,Standard,19,ZDLQB
CIMBB,Urban,Non-public,A33,Standard,19,0WW6N
CIMBB,Urban,Non-public,A33,Standard,19,5IKFU
CIMBB,Urban,Non-public,A33,Standard,19,7ODZ6
CIMBB,Urban,Non-public,A33,Standard,19,BD0UJ
CIMBB,Urban,Non-public,A33,Standard,19,F08JN
CIMBB,Urban,Non-public,A33,Standard,19,FRA61
CIMBB,Urban,Non-public,A33,Standard,19,FZVQF
CIMBB,Urban,Non-public,A33,Standard,19,GXVKS
CIMBB,Urban,Non-public,A33,Standard,19,IUX8B
CIMBB,Urban,Non-public,A33,Standard,19,KL3L4
CIMBB,Urban,Non-public,A33,Standard,19,NV5M7
CIMBB,Urban,Non-public,A33,Standard,19,PBE3E
CIMBB,Urban,Non-public,A33,Standard,19,QB9ZX
CIMBB,Urban,Non-public,A33,Standard,19,SM22E
CIMBB,Urban,Non-public,A33,Standard,19,U2O2E
CIMBB,Urban,Non-public,A33,Standard,19,UOZAQ
CIMBB,Urban,Non-public,A33,Standard,19,XGJ6Y
CIMBB,Urban,Non-public,A33,Standard,19,Y0PR8
CIMBB,Urban,Non-public,A33,Standard,19,YB3AW
CIMBB,Urban,Non-public,EID,Standard,21,03T0E
CIMBB,Urban,Non-public,EID,Standard,21,13IGD
CIMBB,Urban,Non-public,EID,Standard,21,2BCEE
CIMBB,Urban,Non-public,EID,Standard,21,4RRBE
CIMBB,Urban,Non-public,EID,Standard,21,5RT1S
CIMBB,Urban,Non-public,EID,Standard,21,6MBC0
CIMBB,Urban,Non-public,EID,Standard,21,7T7C2
CIMBB,Urban,Non-public,EID,Standard,21,A90E3
CIMBB,Urban,Non-public,EID,Standard,21,C4WMS
CIMBB,Urban,Non-public,EID,Standard,21,DG5U0
CIMBB,Urban,Non-public,EID,Standard,21,H033K
CIMBB,Urban,Non-public,EID,Standard,21,HM7JY
CIMBB,Urban,Non-public,EID,Standard,21,IDT35
CIMBB,Urban,Non-public,EID,Standard,21,J8ME6
CIMBB,Urban,Non-public,EID,Standard,21,O9Z89
CIMBB,Urban,Non-public,EID,Standard,21,RZB93
CIMBB,Urban,Non-public,EID,Standard,21,THSH4
CIMBB,Urban,Non-public,EID,Standard,21,TLZHB
CIMBB,Urban,Non-public,EID,Standard,21,W6N8C
CIMBB,Urban,Non-public,EID,Standard,21,XGPLY
CIMBB,Urban,Non-public,EID,Standard,21,Z3KSE
CIMBB,Urban,Non-public,HUJ,Experimental,17,1FA55
CIMBB,Urban,Non-public,HUJ,Experimental,17,3MV44
CIMBB,Urban,Non-public,HUJ,Experimental,17,4LM4Y
CIMBB,Urban,Non-public,HUJ,Experimental,17,792N5
CIMBB,Urban,Non-public,HUJ,Experimental,17,8TW6G
CIMBB,Urban,Non-public,HUJ,Experimental,17,9HA2N
CIMBB,Urban,Non-public,HUJ,Experimental,17,B8EP0
CIMBB,Urban,Non-public,HUJ,Experimental,17,BQ8E0
CIMBB,Urban,Non-public,HUJ,Experimental,17,E25O4
CIMBB,Urban,Non-public,HUJ,Experimental,17,IFRIJ
CIMBB,Urban,Non-public,HUJ,Experimental,17,IOQIU
CIMBB,Urban,Non-public,HUJ,Experimental,17,JGBZA
CIMBB,Urban,Non-public,HUJ,Experimental,17,JU9C5
CIMBB,Urban,Non-public,HUJ,Experimental,17,M0CLJ
CIMBB,Urban,Non-public,HUJ,Experimental,17,V69IG
CIMBB,Urban,Non-public,HUJ,Experimental,17,WY9TV
CIMBB,Urban,Non-public,HUJ,Experimental,17,XKSFM
CIMBB,Urban,Non-public,PC6,Standard,17,1C30U
CIMBB,Urban,Non-public,PC6,Standard,17,4XEXD
CIMBB,Urban,Non-public,PC6,Standard,17,7Z1S4
CIMBB,Urban,Non-public,PC6,Standard,17,8DR2M
CIMBB,Urban,Non-public,PC6,Standard,17,BO4NT
CIMBB,Urban,Non-public,PC6,Standard,17,DBPV7
CIMBB,Urban,Non-public,PC6,Standard,17,EQUU9
CIMBB,Urban,Non-public,PC6,Standard,17,ETDRG
CIMBB,Urban,Non-public,PC6,Standard,17,G8VM9
CIMBB,Urban,Non-public,PC6,Standard,17,GS9HH
CIMBB,Urban,Non-public,PC6,Standard,17,J4LOI
CIMBB,Urban,Non-public,PC6,Standard,17,K7YOS
CIMBB,Urban,Non-public,PC6,Standard,17,M2OMY
CIMBB,Urban,Non-public,PC6,Standard,17,P0F2W
CIMBB,Urban,Non-public,PC6,Standard,17,U6C5U
CIMBB,Urban,Non-public,PC6,Standard,17,VQ6PP
CIMBB,Urban,Non-public,PC6,Standard,17,XJPON
CUQAM,Urban,Public,1Q1,Standard,28,14K8S
CUQAM,Urban,Public,1Q1,Standard,28,1V9FC
CUQAM,Urban,Public,1Q1,Standard,28,2NV1C
CUQAM,Urban,Public,1Q1,Standard,28,4TYX0
CUQAM,Urban,Public,1Q1,Standard,28,5HS69
CUQAM,Urban,Public,1Q1,Standard,28,6AEX4
CUQAM,Urban,Public,1Q1,Standard,28,6O48K
CUQAM,Urban,Public,1Q1,Standard,28,7R2Y4
CUQAM,Urban,Public,1Q1,Standard,28,82W8S
CUQAM,Urban,Public,1Q1,Standard,28,D4HCS
CUQAM,Urban,Public,1Q1,Standard,28,F0FIP
CUQAM,Urban,Public,1Q1,Standard,28,GK727
CUQAM,Urban,Public,1Q1,Standard,28,H9BKE
CUQAM,Urban,Public,1Q1,Standard,28,J82SA
CUQAM,Urban,Public,1Q1,Standard,28,K8KRE
CUQAM,Urban,Public,1Q1,Standard,28,KB2DJ
CUQAM,Urban,Public,1Q1,Standard,28,MMOCM
CUQAM,Urban,Public,1Q1,Standard,28,MQHOL
CUQAM,Urban,Public,1Q1,Standard,28,N2HZ8
CUQAM,Urban,Public,1Q1,Standard,28,PPWAC
CUQAM,Urban,Public,1Q1,Standard,28,REXA7
CUQAM,Urban,Public,1Q1,Standard,28,UCMFB
CUQAM,Urban,Public,1Q1,Standard,28,VIYQW
CUQAM,Urban,Public,1Q1,Standard,28,WCVWV
CUQAM,Urban,Public,1Q1,Standard,28,X0AOP
CUQAM,Urban,Public,1Q1,Standard,28,X94T8
CUQAM,Urban,Public,1Q1,Standard,28,XAV1J
CUQAM,Urban,Public,1Q1,Standard,28,YPIKD
CUQAM,Urban,Public,BFY,Standard,27,3SRQL
CUQAM,Urban,Public,BFY,Standard,27,57N0B
CUQAM,Urban,Public,BFY,Standard,27,5VCT2
CUQAM,Urban,Public,BFY,Standard,27,6O5SV
CUQAM,Urban,Public,BFY,Standard,27,6Y2G7
CUQAM,Urban,Public,BFY,Standard,27,9UOCD
CUQAM,Urban,Public,BFY,Standard,27,BHDD2
CUQAM,Urban,Public,BFY,Standard,27,DEQXB
CUQAM,Urban,Public,BFY,Standard,27,DH29D
CUQAM,Urban,Public,BFY,Standard,27,E0NP5
CUQAM,Urban,Public,BFY,Standard,27,FIH1N
CUQAM,Urban,Public,BFY,Standard,27,FIXJF
CUQAM,Urban,Public,BFY,Standard,27,HFMAA
CUQAM,Urban,Public,BFY,Standard,27,IRVYC
CUQAM,Urban,Public,BFY,Standard,27,MIMX1
CUQAM,Urban,Public,BFY,Standard,27,NRU8N
CUQAM,Urban,Public,BFY,Standard,27,QMRNM
CUQAM,Urban,Public,BFY,Standard,27,QP6GN
CUQAM,Urban,Public,BFY,Standard,27,RLCLQ
CUQAM,Urban,Public,BFY,Standard,27,SOE2Z
CUQAM,Urban,Public,BFY,Standard,27,U11R6
CUQAM,Urban,Public,BFY,Standard,27,U55KC
CUQAM,Urban,Public,BFY,Standard,27,U6V9N
CUQAM,Urban,Public,BFY,Standard,27,UPA8M
CUQAM,Urban,Public,BFY,Standard,27,WCR6H
CUQAM,Urban,Public,BFY,Standard,27,WP4OE
CUQAM,Urban,Public,BFY,Standard,27,YV0HB
CUQAM,Urban,Public,OMI,Standard,28,0H9EO
CUQAM,Urban,Public,OMI,Standard,28,0WKXC
CUQAM,Urban,Public,OMI,Standard,28,0ZUZM
CUQAM,Urban,Public,OMI,Standard,28,1M80R
CUQAM,Urban,Public,OMI,Standard,28,2AT2K
CUQAM,Urban,Public,OMI,Standard,28,2EQ4L
CUQAM,Urban,Public,OMI,Standard,28,3ULUB
CUQAM,Urban,Public,OMI,Standard,28,6J5II
CUQAM,Urban,Public,OMI,Standard,28,703YR
CUQAM,Urban,Public,OMI,Standard,28,86RZK
CUQAM,Urban,Public,OMI,Standard,28,91U4U
CUQAM,Urban,Public,OMI,Standard,28,AYOIP
CUQAM,Urban,Public,OMI,Standard,28,BW158
CUQAM,Urban,Public,OMI,Standard,28,CFA02
CUQAM,Urban,Public,OMI,Standard,28,GHNH4
CUQAM,Urban,Public,OMI,Standard,28,I1E36
CUQAM,Urban,Public,OMI,Standard,28,J9O6H
CUQAM,Urban,Public,OMI,Standard,28,N3DMQ
CUQAM,Urban,Public,OMI,Standard,28,OBJSU
CUQAM,Urban,Public,OMI,Standard,28,PDDSN
CUQAM,Urban,Public,OMI,Standard,28,PZFMC
CUQAM,Urban,Public,OMI,Standard,28,R8YXZ
CUQAM,Urban,Public,OMI,Standard,28,RHZI6
CUQAM,Urban,Public,OMI,Standard,28,THIFD
CUQAM,Urban,Public,OMI,Standard,28,TNGFN
CUQAM,Urban,Public,OMI,Standard,28,U3GC0
CUQAM,Urban,Public,OMI,Standard,28,Y7CIO
CUQAM,Urban,Public,OMI,Standard,28,YSEBW
CUQAM,Urban,Public,X6Z,Experimental,24,5Z1Q8
CUQAM,Urban,Public,X6Z,Experimental,24,6PQH8
CUQAM,Urban,Public,X6Z,Experimental,24,B4YM5
CUQAM,Urban,Public,X6Z,Experimental,24,C8YUM
CUQAM,Urban,Public,X6Z,Experimental,24,CRV86
CUQAM,Urban,Public,X6Z,Experimental,24,D4BUO
CUQAM,Urban,Public,X6Z,Experimental,24,HCBLB
CUQAM,Urban,Public,X6Z,Experimental,24,JGOV7
CUQAM,Urban,Public,X6Z,Experimental,24,JME0Z
CUQAM,Urban,Public,X6Z,Experimental,24,K3IZ6
CUQAM,Urban,Public,X6Z,Experimental,24,NIJP6
CUQAM,Urban,Public,X6Z,Experimental,24,PGFCX
CUQAM,Urban,Public,X6Z,Experimental,24,QCW77
CUQAM,Urban,Public,X6Z,Experimental,24,QLAXV
CUQAM,Urban,Public,X6Z,Experimental,24,RLE9C
CUQAM,Urban,Public,X6Z,Experimental,24,S1U43
CUQAM,Urban,Public,X6Z,Experimental,24,SZDD5
CUQAM,Urban,Public,X6Z,Experimental,24,TMC4V
CUQAM,Urban,Public,X6Z,Experimental,24,TNGPD
CUQAM,Urban,Public,X6Z,Experimental,24,TT9MG
CUQAM,Urban,Public,X6Z,Experimental,24,UHE7N
CUQAM,Urban,Public,X6Z,Experimental,24,UM6YP
CUQAM,Urban,Public,X6Z,Experimental,24,X006R
CUQAM,Urban,Public,X6Z,Experimental,24,Y7KJM
DNQDD,Suburban,Public,2AP,Standard,27,1K0Q5
DNQDD,Suburban,Public,2AP,Standard,27,338XH
DNQDD,Suburban,Public,2AP,Standard,27,378BQ
DNQDD,Suburban,Public,2AP,Standard,27,3BGFW
DNQDD,Suburban,Public,2AP,Standard,27,4ZRL3
DNQDD,Suburban,Public,2AP,Standard,27,56UMG
DNQDD,Suburban,Public,2AP,Standard,27,5UWDZ
DNQDD,Suburban,Public,2AP,Standard,27,8PAMX
DNQDD,Suburban,Public,2AP,Standard,27,96ZIU
DNQDD,Suburban,Public,2AP,Standard,27,DBJRW
DNQDD,Suburban,Public,2AP,Standard,27,DCVI8
DNQDD,Suburban,Public,2AP,Standard,27,E178W
DNQDD,Suburban,Public,2AP,Standard,27,EDR5K
DNQDD,Suburban,Public,2AP,Standard,27,IRU9S
DNQDD,Suburban,Public,2AP,Standard,27,JIPLL
DNQDD,Suburban,Public,2AP,Standard,27,MH6W5
DNQDD,Suburban,Public,2AP,Standard,27,N1ICX
DNQDD,Suburban,Public,2AP,Standard,27,QFID8
DNQDD,Suburban,Public,2AP,Standard,27,RYRXG
DNQDD,Suburban,Public,2AP,Standard,27,T0TIH
DNQDD,Suburban,Public,2AP,Standard,27,U086J
DNQDD,Suburban,Public,2AP,Standard,27,U0TQQ
DNQDD,Suburban,Public,2AP,Standard,27,UIM0F
DNQDD,Suburban,Public,2AP,Standard,27,UPBA8
DNQDD,Suburban,Public,2AP,Standard,27,VJQL3
DNQDD,Suburban,Public,2AP,Standard,27,X7YLX
DNQDD,Suburban,Public,2AP,Standard,27,Y2RWV
DNQDD,Suburban,Public,PW5,Experimental,20,02WIH
DNQDD,Suburban,Public,PW5,Experimental,20,0VR4J
DNQDD,Suburban,Public,PW5,Experimental,20,1IEF0
DNQDD,Suburban,Public,PW5,Experimental,20,1M9UM
DNQDD,Suburban,Public,PW5,Experimental,20,2OI79
DNQDD,Suburban,Public,PW5,Experimental,20,463P7
DNQDD,Suburban,Public,PW5,Experimental,20,4HD3D
DNQDD,Suburban,Public,PW5,Experimental,20,6RFGN
DNQDD,Suburban,Public,PW5,Experimental,20,6TTZY
DNQDD,Suburban,Public,PW5,Experimental,20,6XLGF
DNQDD,Suburban,Public,PW5,Experimental,20,E7VFK
DNQDD,Suburban,Public,PW5,Experimental,20,GO92G
DNQDD,Suburban,Public,PW5,Experimental,20,GUEXC
DNQDD,Suburban,Public,PW5,Experimental,20,MP2DL
DNQDD,Suburban,Public,PW5,Experimental,20,UBDCF
DNQDD,Suburban,Public,PW5,Experimental,20,VWNJ9
DNQDD,Suburban,Public,PW5,Experimental,20,XN65F
DNQDD,Suburban,Public,PW5,Experimental,20,Y4LA5
DNQDD,Suburban,Public,PW5,Experimental,20,YM3NK
DNQDD,Suburban,Public,PW5,Experimental,20,ZR1KH
DNQDD,Suburban,Public,ROP,Experimental,28,0KSLY
DNQDD,Suburban,Public,ROP,Experimental,28,34LDX
DNQDD,Suburban,Public,ROP,Experimental,28,39EA1
DNQDD,Suburban,Public,ROP,Experimental,28,5CQ0N
DNQDD,Suburban,Public,ROP,Experimental,28,5SLAY
DNQDD,Suburban,Public,ROP,Experimental,28,7HDEV
DNQDD,Suburban,Public,ROP,Experimental,28,831D6
DNQDD,Suburban,Public,ROP,Experimental,28,889HH
DNQDD,Suburban,Public,ROP,Experimental,28,B6VQP
DNQDD,Suburban,Public,ROP,Experimental,28,H0CGC
DNQDD,Suburban,Public,ROP,Experimental,28,JAQ11
DNQDD,Suburban,Public,ROP,Experimental,28,JZRVJ
DNQDD,Suburban,Public,ROP,Experimental,28,KCJ9W
DNQDD,Suburban,Public,ROP,Experimental,28,L0UG9
DNQDD,Suburban,Public,ROP,Experimental,28,MGJ90
DNQDD,Suburban,Public,ROP,Experimental,28,MR2T1
DNQDD,Suburban,Public,ROP,Experimental,28,N3LL6
DNQDD,Suburban,Public,ROP,Experimental,28,OA8PY
DNQDD,Suburban,Public,ROP,Experimental,28,PXXNX
DNQDD,Suburban,Public,ROP,Experimental,28,S7G9W
DNQDD,Suburban,Public,ROP,Experimental,28,SJEG2
DNQDD,Suburban,Public,ROP,Experimental,28,VG2OX
DNQDD,Suburban,Public,ROP,Experimental,28,VJ7SW
DNQDD,Suburban,Public,ROP,Experimental,28,XLDOH
DNQDD,Suburban,Public,ROP,Experimental,28,XWMAD
DNQDD,Suburban,Public,ROP,Experimental,28,YC05X
DNQDD,Suburban,Public,ROP,Experimental,28,ZFT9J
DNQDD,Suburban,Public,ROP,Experimental,28,ZJ61P
DNQDD,Suburban,Public,ST7,Standard,20,2QC96
DNQDD,Suburban,Public,ST7,Standard,20,70S7T
DNQDD,Suburban,Public,ST7,Standard,20,8K2VR
DNQDD,Suburban,Public,ST7,Standard,20,98B8A
DNQDD,Suburban,Public,ST7,Standard,20,99KK2
DNQDD,Suburban,Public,ST7,Standard,20,A5BS4
DNQDD,Suburban,Public,ST7,Standard,20,F99D8
DNQDD,Suburban,Public,ST7,Standard,20,G88DV
DNQDD,Suburban,Public,ST7,Standard,20,I9OJV
DNQDD,Suburban,Public,ST7,Standard,20,JIMD2
DNQDD,Suburban,Public,ST7,Standard,20,JMTOQ
DNQDD,Suburban,Public,ST7,Standard,20,LKACN
DNQDD,Suburban,Public,ST7,Standard,20,M7XQV
DNQDD,Suburban,Public,ST7,Standard,20,MEM4Z
DNQDD,Suburban,Public,ST7,Standard,20,OJLP8
DNQDD,Suburban,Public,ST7,Standard,20,OX7PB
DNQDD,Suburban,Public,ST7,Standard,20,PIYL8
DNQDD,Suburban,Public,ST7,Standard,20,SPIWM
DNQDD,Suburban,Public,ST7,Standard,20,VD06X
DNQDD,Suburban,Public,ST7,Standard,20,YLFY8
DNQDD,Suburban,Public,XXJ,Standard,27,6K4DK
DNQDD,Suburban,Public,XXJ,Standard,27,8NGSI
DNQDD,Suburban,Public,XXJ,Standard,27,9GYWF
DNQDD,Suburban,Public,XXJ,Standard,27,B8ZPI
DNQDD,Suburban,Public,XXJ,Standard,27,B9J7D
DNQDD,Suburban,Public,XXJ,Standard,27,BKV9M
DNQDD,Suburban,Public,XXJ,Standard,27,D18ZU
DNQDD,Suburban,Public,XXJ,Standard,27,E6Q1J
DNQDD,Suburban,Public,XXJ,Standard,27,F8Q67
DNQDD,Suburban,Public,XXJ,Standard,27,FWYBW
DNQDD,Suburban,Public,XXJ,Standard,27,G3GYE
DNQDD,Suburban,Public,XXJ,Standard,27,HEIPF
DNQDD,Suburban,Public,XXJ,Standard,27,HEOZU
DNQDD,Suburban,Public,XXJ,Standard,27,IXYC5
DNQDD,Suburban,Public,XXJ,Standard,27,JZYO3
DNQDD,Suburban,Public,XXJ,Standard,27,LMU2D
DNQDD,Suburban,Public,XXJ,Standard,27,NHYYZ
DNQDD,Suburban,Public,XXJ,Standard,27,NR8JR
DNQDD,Suburban,Public,XXJ,Standard,27,O2EGZ
DNQDD,Suburban,Public,XXJ,Standard,27,OKESX
DNQDD,Suburban,Public,XXJ,Standard,27,RV35S
DNQDD,Suburban,Public,XXJ,Standard,27,RVEQB
DNQDD,Suburban,Public,XXJ,Standard,27,SVLAT
DNQDD,Suburban,Public,XXJ,Standard,27,SZ7BS
DNQDD,Suburban,Public,XXJ,Standard,27,WLH9L
DNQDD,Suburban,Public,XXJ,Standard,27,Y2Z8M
DNQDD,Suburban,Public,XXJ,Standard,27,Z7PUC
FBUMG,Rural,Non-public,197,Experimental,14,25M8Y
FBUMG,Rural,Non-public,197,Experimental,14,3234W
FBUMG,Rural,Non-public,197,Experimental,14,3431D
FBUMG,Rural,Non-public,197,Experimental,14,A3RYU
FBUMG,Rural,Non-public,197,Experimental,14,ARW1X
FBUMG,Rural,Non-public,197,Experimental,14,BZ38P
FBUMG,Rural,Non-public,197,Experimental,14,FNZ5V
FBUMG,Rural,Non-public,197,Experimental,14,H4WWF
FBUMG,Rural,Non-public,197,Experimental,14,HDPCP
FBUMG,Rural,Non-public,197,Experimental,14,KJGKN
FBUMG,Rural,Non-public,197,Experimental,14,S56V4
FBUMG,Rural,Non-public,197,Experimental,14,VMM7O
FBUMG,Rural,Non-public,197,Experimental,14,Y9W00
FBUMG,Rural,Non-public,197,Experimental,14,Z5DTY
FBUMG,Rural,Non-public,5LQ,Experimental,18,04DG5
FBUMG,Rural,Non-public,5LQ,Experimental,18,20M2D
FBUMG,Rural,Non-public,5LQ,Experimental,18,39KCW
FBUMG,Rural,Non-public,5LQ,Experimental,18,5Z1B6
FBUMG,Rural,Non-public,5LQ,Experimental,18,6TLU8
FBUMG,Rural,Non-public,5LQ,Experimental,18,ATQQJ
FBUMG,Rural,Non-public,5LQ,Experimental,18,AYEU1
FBUMG,Rural,Non-public,5LQ,Experimental,18,B9FSU
FBUMG,Rural,Non-public,5LQ,Experimental,18,EV13K
FBUMG,Rural,Non-public,5LQ,Experimental,18,I5H37
FBUMG,Rural,Non-public,5LQ,Experimental,18,JC5I9
FBUMG,Rural,Non-public,5LQ,Experimental,18,JPE2J
FBUMG,Rural,Non-public,5LQ,Experimental,18,MFBYU
FBUMG,Rural,Non-public,5LQ,Experimental,18,O144X
FBUMG,Rural,Non-public,5LQ,Experimental,18,OGKP3
FBUMG,Rural,Non-public,5LQ,Experimental,18,UMFI7
FBUMG,Rural,Non-public,5LQ,Experimental,18,V1DNJ
FBUMG,Rural,Non-public,5LQ,Experimental,18,YRN9S
FBUMG,Rural,Non-public,JGD,Experimental,14,07R5Z
FBUMG,Rural,Non-public,JGD,Experimental,14,39K0Q
FBUMG,Rural,Non-public,JGD,Experimental,14,3BUJG
FBUMG,Rural,Non-public,JGD,Experimental,14,7PML3
FBUMG,Rural,Non-public,JGD,Experimental,14,8FLEP
FBUMG,Rural,Non-public,JGD,Experimental,14,95X1X
FBUMG,Rural,Non-public,JGD,Experimental,14,IW48S
FBUMG,Rural,Non-public,JGD,Experimental,14,K0K0N
FBUMG,Rural,Non-public,JGD,Experimental,14,NU48M
FBUMG,Rural,Non-public,JGD,Experimental,14,OE2B4
FBUMG,Rural,Non-public,JGD,Experimental,14,UUSTB
FBUMG,Rural,Non-public,JGD,Experimental,14,VK6OF
FBUMG,Rural,Non-public,JGD,Experimental,14,XK8M9
FBUMG,Rural,Non-public,JGD,Experimental,14,Y9GZZ
GJJHK,Suburban,Public,HCB,Standard,22,34ANF
GJJHK,Suburban,Public,HCB,Standard,22,40S5U
GJJHK,Suburban,Public,HCB,Standard,22,4GUP5
GJJHK,Suburban,Public,HCB,Standard,22,7JBMI
GJJHK,Suburban,Public,HCB,Standard,22,7KY71
GJJHK,Suburban,Public,HCB,Standard,22,8EZAA
GJJHK,Suburban,Public,HCB,Standard,22,9P75A
GJJHK,Suburban,Public,HCB,Standard,22,AIU1M
GJJHK,Suburban,Public,HCB,Standard,22,CT443
GJJHK,Suburban,Public,HCB,Standard,22,EH504
GJJHK,Suburban,Public,HCB,Standard,22,EUYRP
GJJHK,Suburban,Public,HCB,Standard,22,F25BI
GJJHK,Suburban,Public,HCB,Standard,22,I7CCK
GJJHK,Suburban,Public,HCB,Standard,22,IZMFR
GJJHK,Suburban,Public,HCB,Standard,22,KEQ3F
GJJHK,Suburban,Public,HCB,Standard,22,LH25F
GJJHK,Suburban,Public,HCB,Standard,22,LM4OR
GJJHK,Suburban,Public,HCB,Standard,22,P3N7B
GJJHK,Suburban,Public,HCB,Standard,22,PFAAM
GJJHK,Suburban,Public,HCB,Standard,22,RX0B1
GJJHK,Suburban,Public,HCB,Standard,22,S8IFL
GJJHK,Suburban,Public,HCB,Standard,22,UXH3Z
GJJHK,Suburban,Public,NOR,Experimental,27,0NJH4
GJJHK,Suburban,Public,NOR,Experimental,27,4MEAA
GJJHK,Suburban,Public,NOR,Experimental,27,4RJ6D
GJJHK,Suburban,Public,NOR,Experimental,27,5X4KE
GJJHK,Suburban,Public,NOR,Experimental,27,71A2K
GJJHK,Suburban,Public,NOR,Experimental,27,72VS3
GJJHK,Suburban,Public,NOR,Experimental,27,7812G
GJJHK,Suburban,Public,NOR,Experimental,27,7QOXC
GJJHK,Suburban,Public,NOR,Experimental,27,9Z43Y
GJJHK,Suburban,Public,NOR,Experimental,27,AWC27
GJJHK,Suburban,Public,NOR,Experimental,27,B9JUN
GJJHK,Suburban,Public,NOR,Experimental,27,BVRKY
GJJHK,Suburban,Public,NOR,Experimental,27,CGV37
GJJHK,Suburban,Public,NOR,Experimental,27,CNEYB
GJJHK,Suburban,Public,NOR,Experimental,27,DUG1A
GJJHK,Suburban,Public,NOR,Experimental,27,FBVVD
GJJHK,Suburban,Public,NOR,Experimental,27,I0L86
GJJHK,Suburban,Public,NOR,Experimental,27,I30XE
GJJHK,Suburban,Public,NOR,Experimental,27,JH2PX
GJJHK,Suburban,Public,NOR,Experimental,27,PNO97
GJJHK,Suburban,Public,NOR,Experimental,27,QZJWC
GJJHK,Suburban,Public,NOR,Experimental,27,RUPTX
GJJHK,Suburban,Public,NOR,Experimental,27,TMN52
GJJHK,Suburban,Public,NOR,Experimental,27,WPYXQ
GJJHK,Suburban,Public,NOR,Experimental,27,YPLB7
GJJHK,Suburban,Public,NOR,Experimental,27,ZH0UC
GJJHK,Suburban,Public,NOR,Experimental,27,ZLIIF
GJJHK,Suburban,Public,X78,Standard,21,0YINX
GJJHK,Suburban,Public,X78,Standard,21,1X80E
GJJHK,Suburban,Public,X78,Standard,21,42M64
GJJHK,Suburban,Public,X78,Standard,21,4EPVT
GJJHK,Suburban,Public,X78,Standard,21,6TS1O
GJJHK,Suburban,Public,X78,Standard,21,7X7KI
GJJHK,Suburban,Public,X78,Standard,21,AX6YY
GJJHK,Suburban,Public,X78,Standard,21,CZSGJ
GJJHK,Suburban,Public,X78,Standard,21,IJKWF
GJJHK,Suburban,Public,X78,Standard,21,ILS1W
GJJHK,Suburban,Public,X78,Standard,21,KUH3Q
GJJHK,Suburban,Public,X78,Standard,21,LFC9U
GJJHK,Suburban,Public,X78,Standard,21,MIGU8
GJJHK,Suburban,Public,X78,Standard,21,MMT5M
GJJHK,Suburban,Public,X78,Standard,21,R1PZ7
GJJHK,Suburban,Public,X78,Standard,21,RWS2C
GJJHK,Suburban,Public,X78,Standard,21,SJ05X
GJJHK,Suburban,Public,X78,Standard,21,USMBE
GJJHK,Suburban,Public,X78,Standard,21,W1RIV
GJJHK,Suburban,Public,X78,Standard,21,ZJ7VU
GJJHK,Suburban,Public,X78,Standard,21,ZJHIT
GJJHK,Suburban,Public,YUC,Standard,21,0G5ME
GJJHK,Suburban,Public,YUC,Standard,21,0TIVQ
GJJHK,Suburban,Public,YUC,Standard,21,3RFLZ
GJJHK,Suburban,Public,YUC,Standard,21,5TM1N
GJJHK,Suburban,Public,YUC,Standard,21,73BV7
GJJHK,Suburban,Public,YUC,Standard,21,7K35Q
GJJHK,Suburban,Public,YUC,Standard,21,7SD9P
GJJHK,Suburban,Public,YUC,Standard,21,8D526
GJJHK,Suburban,Public,YUC,Standard,21,9S1OP
GJJHK,Suburban,Public,YUC,Standard,21,DZP4C
GJJHK,Suburban,Public,YUC,Standard,21,F3VMF
GJJHK,Suburban,Public,YUC,Standard,21,FYE5C
GJJHK,Suburban,Public,YUC,Standard,21,K3DEI
GJJHK,Suburban,Public,YUC,Standard,21,K6QF7
GJJHK,Suburban,Public,YUC,Standard,21,M14K7
GJJHK,Suburban,Public,YUC,Standard,21,N1YBR
GJJHK,Suburban,Public,YUC,Standard,21,O6C2E
GJJHK,Suburban,Public,YUC,Standard,21,P259Z
GJJHK,Suburban,Public,YUC,Standard,21,QUOMH
GJJHK,Suburban,Public,YUC,Standard,21,RT30S
GJJHK,Suburban,Public,YUC,Standard,21,S85CT
GJJHK,Suburban,Public,ZDT,Standard,27,1AP9Z
GJJHK,Suburban,Public,ZDT,Standard,27,2WHU2
GJJHK,Suburban,Public,ZDT,Standard,27,74BU8
GJJHK,Suburban,Public,ZDT,Standard,27,79WZ1
GJJHK,Suburban,Public,ZDT,Standard,27,7ZTHI
GJJHK,Suburban,Public,ZDT,Standard,27,8FPNB
GJJHK,Suburban,Public,ZDT,Standard,27,B1OMF
GJJHK,Suburban,Public,ZDT,Standard,27,BED44
GJJHK,Suburban,Public,ZDT,Standard,27,CL6FV
GJJHK,Suburban,Public,ZDT,Standard,27,DXOUM
GJJHK,Suburban,Public,ZDT,Standard,27,EPWXS
GJJHK,Suburban,Public,ZDT,Standard,27,FIRGN
GJJHK,Suburban,Public,ZDT,Standard,27,FZMZP
GJJHK,Suburban,Public,ZDT,Standard,27,GI2EF
GJJHK,Suburban,Public,ZDT,Standard,27,HKS1U
GJJHK,Suburban,Public,ZDT,Standard,27,K0K0A
GJJHK,Suburban,Public,ZDT,Standard,27,K6ZPT
GJJHK,Suburban,Public,ZDT,Standard,27,L8312
GJJHK,Suburban,Public,ZDT,Standard,27,LB2TH
GJJHK,Suburban,Public,ZDT,Standard,27,ND7EU
GJJHK,Suburban,Public,ZDT,Standard,27,O8YKS
GJJHK,Suburban,Public,ZDT,Standard,27,SPPI3
GJJHK,Suburban,Public,ZDT,Standard,27,U2EMB
GJJHK,Suburban,Public,ZDT,Standard,27,UKJAZ
GJJHK,Suburban,Public,ZDT,Standard,27,VKH07
GJJHK,Suburban,Public,ZDT,Standard,27,W5NUO
GJJHK,Suburban,Public,ZDT,Standard,27,XRD78
GOKXL,Rural,Public,ENO,Experimental,22,4KZTB
GOKXL,Rural,Public,ENO,Experimental,22,73OKF
GOKXL,Rural,Public,ENO,Experimental,22,7GLHH
GOKXL,Rural,Public,ENO,Experimental,22,7PFTS
GOKXL,Rural,Public,ENO,Experimental,22,86R4S
GOKXL,Rural,Public,ENO,Experimental,22,99V7R
GOKXL,Rural,Public,ENO,Experimental,22,9TO9F
GOKXL,Rural,Public,ENO,Experimental,22,B5Y1R
GOKXL,Rural,Public,ENO,Experimental,22,BVRN8
GOKXL,Rural,Public,ENO,Experimental,22,C9ZJQ
GOKXL,Rural,Public,ENO,Experimental,22,DNCDV
GOKXL,Rural,Public,ENO,Experimental,22,GK1Q3
GOKXL,Rural,Public,ENO,Experimental,22,HCOHF
GOKXL,Rural,Public,ENO,Experimental,22,K2N0T
GOKXL,Rural,Public,ENO,Experimental,22,KI2M3
GOKXL,Rural,Public,ENO,Experimental,22,NK5EF
GOKXL,Rural,Public,ENO,Experimental,22,PLX9B
GOKXL,Rural,Public,ENO,Experimental,22,RFVK8
GOKXL,Rural,Public,ENO,Experimental,22,RTGSE
GOKXL,Rural,Public,ENO,Experimental,22,SQBOO
GOKXL,Rural,Public,ENO,Experimental,22,UPAJX
GOKXL,Rural,Public,ENO,Experimental,22,YSVSY
GOKXL,Rural,Public,TSA,Experimental,23,1990J
GOKXL,Rural,Public,TSA,Experimental,23,2UYFR
GOKXL,Rural,Public,TSA,Experimental,23,31EAI
GOKXL,Rural,Public,TSA,Experimental,23,5H30M
GOKXL,Rural,Public,TSA,Experimental,23,6THJV
GOKXL,Rural,Public,TSA,Experimental,23,8GKA1
GOKXL,Rural,Public,TSA,Experimental,23,B7ZPX
GOKXL,Rural,Public,TSA,Experimental,23,CESCR
GOKXL,Rural,Public,TSA,Experimental,23,DZLHN
GOKXL,Rural,Public,TSA,Experimental,23,EJH9S
GOKXL,Rural,Public,TSA,Experimental,23,ENASL
GOKXL,Rural,Public,TSA,Experimental,23,GVLVE
GOKXL,Rural,Public,TSA,Experimental,23,H6KJ5
GOKXL,Rural,Public,TSA,Experimental,23,JHKPJ
GOKXL,Rural,Public,TSA,Experimental,23,JX1DB
GOKXL,Rural,Public,TSA,Experimental,23,L1D2K
GOKXL,Rural,Public,TSA,Experimental,23,LBNRH
GOKXL,Rural,Public,TSA,Experimental,23,NRU3S
GOKXL,Rural,Public,TSA,Experimental,23,PUU4A
GOKXL,Rural,Public,TSA,Experimental,23,QOXPF
GOKXL,Rural,Public,TSA,Experimental,23,R4P1G
GOKXL,Rural,Public,TSA,Experimental,23,XHFUX
GOKXL,Rural,Public,TSA,Experimental,23,ZRYLC
GOKXL,Rural,Public,VA6,Standard,19,0YXPR
GOKXL,Rural,Public,VA6,Standard,19,1QIW0
GOKXL,Rural,Public,VA6,Standard,19,1SDXS
GOKXL,Rural,Public,VA6,Standard,19,6BFD2
GOKXL,Rural,Public,VA6,Standard,19,876R0
GOKXL,Rural,Public,VA6,Standard,19,APD4B
GOKXL,Rural,Public,VA6,Standard,19,AXE5J
GOKXL,Rural,Public,VA6,Standard,19,BPVY4
GOKXL,Rural,Public,VA6,Standard,19,BR5EY
GOKXL,Rural,Public,VA6,Standard,19,CR5FB
GOKXL,Rural,Public,VA6,Standard,19,IJPLC
GOKXL,Rural,Public,VA6,Standard,19,M5UK3
GOKXL,Rural,Public,VA6,Standard,19,MOCJB
GOKXL,Rural,Public,VA6,Standard,19,R8JLM
GOKXL,Rural,Public,VA6,Standard,19,RTKNR
GOKXL,Rural,Public,VA6,Standard,19,TME5H
GOKXL,Rural,Public,VA6,Standard,19,WUYJ3
GOKXL,Rural,Public,VA6,Standard,19,YT5M3
GOKXL,Rural,Public,VA6,Standard,19,Z2T0F
GOOBU,Urban,Public,18K,Standard,31,0KZS6
GOOBU,Urban,Public,18K,Standard,31,3XNVR
GOOBU,Urban,Public,18K,Standard,31,4MTC1
GOOBU,Urban,Public,18K,Standard,31,7QOXV
GOOBU,Urban,Public,18K,Standard,31,AQCB5
GOOBU,Urban,Public,18K,Standard,31,BGPAQ
GOOBU,Urban,Public,18K,Standard,31,BV3MI
GOOBU,Urban,Public,18K,Standard,31,BXPDJ
GOOBU,Urban,Public,18K,Standard,31,F1JQ8
GOOBU,Urban,Public,18K,Standard,31,FW95I
GOOBU,Urban,Public,18K,Standard,31,G1R40
GOOBU,Urban,Public,18K,Standard,31,H02VP
GOOBU,Urban,Public,18K,Standard,31,JQ4OT
GOOBU,Urban,Public,18K,Standard,31,K8AKM
GOOBU,Urban,Public,18K,Standard,31,KHMUC
GOOBU,Urban,Public,18K,Standard,31,N1N93
GOOBU,Urban,Public,18K,Standard,31,NT35W
GOOBU,Urban,Public,18K,Standard,31,P6MIL
GOOBU,Urban,Public,18K,Standard,31,PLN0Y
GOOBU,Urban,Public,18K,Standard,31,T72EG
GOOBU,Urban,Public,18K,Standard,31,U46W3
GOOBU,Urban,Public,18K,Standard,31,V3J4V
GOOBU,Urban,Public,18K,Standard,31,VIVT4
GOOBU,Urban,Public,18K,Standard,31,VMAIX
GOOBU,Urban,Public,18K,Standard,31,X01MT
GOOBU,Urban,Public,18K,Standard,31,X1KJ2
GOOBU,Urban,Public,18K,Standard,31,XVQ6F
GOOBU,Urban,Public,18K,Standard,31,YVDVY
GOOBU,Urban,Public,18K,Standard,31,YW9AS
GOOBU,Urban,Public,18K,Standard,31,ZAUS9
GOOBU,Urban,Public,18K,Standard,31,ZLJJG
GOOBU,Urban,Public,CXC,Standard,24,11I5O
GOOBU,Urban,Public,CXC,Standard,24,2G98P
GOOBU,Urban,Public,CXC,Standard,24,3EO9U
GOOBU,Urban,Public,CXC,Standard,24,3JJUP
GOOBU,Urban,Public,CXC,Standard,24,7X0DK
GOOBU,Urban,Public,CXC,Standard,24,8AP2H
GOOBU,Urban,Public,CXC,Standard,24,CF84B
GOOBU,Urban,Public,CXC,Standard,24,DVU8C
GOOBU,Urban,Public,CXC,Standard,24,F4L64
GOOBU,Urban,Public,CXC,Standard,24,GXVMO
GOOBU,Urban,Public,CXC,Standard,24,HPY7B
GOOBU,Urban,Public,CXC,Standard,24,ITHSP
GOOBU,Urban,Public,CXC,Standard,24,IXGKA
GOOBU,Urban,Public,CXC,Standard,24,J65X1
GOOBU,Urban,Public,CXC,Standard,24,JQC0G
GOOBU,Urban,Public,CXC,Standard,24,JQPK7
GOOBU,Urban,Public,CXC,Standard,24,JX5I4
GOOBU,Urban,Public,CXC,Standard,24,KSX2Y
GOOBU,Urban,Public,CXC,Standard,24,QUDU5
GOOBU,Urban,Public,CXC,Standard,24,S5SBH
GOOBU,Urban,Public,CXC,Standard,24,UPVQB
GOOBU,Urban,Public,CXC,Standard,24,Y1CCJ
GOOBU,Urban,Public,CXC,Standard,24,YSJ06
GOOBU,Urban,Public,CXC,Standard,24,ZCA7A
GOOBU,Urban,Public,HKF,Standard,28,09J0H
GOOBU,Urban,Public,HKF,Standard,28,5FVZF
GOOBU,Urban,Public,HKF,Standard,28,6GLIV
GOOBU,Urban,Public,HKF,Standard,28,76TQY
GOOBU,Urban,Public,HKF,Standard,28,78IT6
GOOBU,Urban,Public,HKF,Standard,28,85XTO
GOOBU,Urban,Public,HKF,Standard,28,8BONX
GOOBU,Urban,Public,HKF,Standard,28,8LIDQ
GOOBU,Urban,Public,HKF,Standard,28,C5QDD
GOOBU,Urban,Public,HKF,Standard,28,ESWTA
GOOBU,Urban,Public,HKF,Standard,28,ET5M9
GOOBU,Urban,Public,HKF,Standard,28,G7UZ5
GOOBU,Urban,Public,HKF,Standard,28,I6HEI
GOOBU,Urban,Public,HKF,Standard,28,JR3ZP
GOOBU,Urban,Public,HKF,Standard,28,LRVKJ
GOOBU,Urban,Public,HKF,Standard,28,LTIOX
GOOBU,Urban,Public,HKF,Standard,28,LW21L
GOOBU,Urban,Public,HKF,Standard,28,M78WF
GOOBU,Urban,Public,HKF,Standard,28,P4SN4
GOOBU,Urban,Public,HKF,Standard,28,T7HV4
GOOBU,Urban,Public,HKF,Standard,28,TJ7G8
GOOBU,Urban,Public,HKF,Standard,28,UG0VP
GOOBU,Urban,Public,HKF,Standard,28,UJQR2
GOOBU,Urban,Public,HKF,Standard,28,UVLBR
GOOBU,Urban,Public,HKF,Standard,28,W20C6
GOOBU,Urban,Public,HKF,Standard,28,Y7AXC
GOOBU,Urban,Public,HKF,Standard,28,ZC4LX
GOOBU,Urban,Public,HKF,Standard,28,ZDEIJ
GOOBU,Urban,Public,PBA,Standard,24,0DXGZ
GOOBU,Urban,Public,PBA,Standard,24,0OW7I
GOOBU,Urban,Public,PBA,Standard,24,1DA31
GOOBU,Urban,Public,PBA,Standard,24,1GWDJ
GOOBU,Urban,Public,PBA,Standard,24,2EXQP
GOOBU,Urban,Public,PBA,Standard,24,2PEWE
GOOBU,Urban,Public,PBA,Standard,24,4TYTZ
GOOBU,Urban,Public,PBA,Standard,24,56VOR
GOOBU,Urban,Public,PBA,Standard,24,5W6IT
GOOBU,Urban,Public,PBA,Standard,24,6KYW4
GOOBU,Urban,Public,PBA,Standard,24,9GEEG
GOOBU,Urban,Public,PBA,Standard,24,B9AML
GOOBU,Urban,Public,PBA,Standard,24,BG9FM
GOOBU,Urban,Public,PBA,Standard,24,BHSCF
GOOBU,Urban,Public,PBA,Standard,24,EQDEK
GOOBU,Urban,Public,PBA,Standard,24,FZ955
GOOBU,Urban,Public,PBA,Standard,24,GNFMX
GOOBU,Urban,Public,PBA,Standard,24,GYLI8
GOOBU,Urban,Public,PBA,Standard,24,M4RH1
GOOBU,Urban,Public,PBA,Standard,24,MMHV2
GOOBU,Urban,Public,PBA,Standard,24,OZ1IC
GOOBU,Urban,Public,PBA,Standard,24,QYUIJ
GOOBU,Urban,Public,PBA,Standard,24,ULA1C
GOOBU,Urban,Public,PBA,Standard,24,XDCZU
GOOBU,Urban,Public,U6J,Standard,25,0TG4E
GOOBU,Urban,Public,U6J,Standard,25,3CQUU
GOOBU,Urban,Public,U6J,Standard,25,3TJ3A
GOOBU,Urban,Public,U6J,Standard,25,6OUSM
GOOBU,Urban,Public,U6J,Standard,25,9178O
GOOBU,Urban,Public,U6J,Standard,25,AZJMV
GOOBU,Urban,Public,U6J,Standard,25,B2JPA
GOOBU,Urban,Public,U6J,Standard,25,BLF0G
GOOBU,Urban,Public,U6J,Standard,25,BRSSH
GOOBU,Urban,Public,U6J,Standard,25,EIV0N
GOOBU,Urban,Public,U6J,Standard,25,FXW0B
GOOBU,Urban,Public,U6J,Standard,25,HMVID
GOOBU,Urban,Public,U6J,Standard,25,J4404
GOOBU,Urban,Public,U6J,Standard,25,K6069
GOOBU,Urban,Public,U6J,Standard,25,MWVPD
GOOBU,Urban,Public,U6J,Standard,25,OEWJ2
GOOBU,Urban,Public,U6J,Standard,25,OKZQZ
GOOBU,Urban,Public,U6J,Standard,25,QSDTJ
GOOBU,Urban,Public,U6J,Standard,25,RACAL
GOOBU,Urban,Public,U6J,Standard,25,RJWG7
GOOBU,Urban,Public,U6J,Standard,25,T1IOZ
GOOBU,Urban,Public,U6J,Standard,25,TGZB2
GOOBU,Urban,Public,U6J,Standard,25,U9QL7
GOOBU,Urban,Public,U6J,Standard,25,YG9VR
GOOBU,Urban,Public,U6J,Standard,25,YP2OF
GOOBU,Urban,Public,W8A,Experimental,26,10A05
GOOBU,Urban,Public,W8A,Experimental,26,60JJW
GOOBU,Urban,Public,W8A,Experimental,26,65ZZN
GOOBU,Urban,Public,W8A,Experimental,26,6M88W
GOOBU,Urban,Public,W8A,Experimental,26,7H9LF
GOOBU,Urban,Public,W8A,Experimental,26,93CDF
GOOBU,Urban,Public,W8A,Experimental,26,9DKQ9
GOOBU,Urban,Public,W8A,Experimental,26,9UN3Z
GOOBU,Urban,Public,W8A,Experimental,26,A3JJP
GOOBU,Urban,Public,W8A,Experimental,26,AHIZI
GOOBU,Urban,Public,W8A,Experimental,26,BUDF2
GOOBU,Urban,Public,W8A,Experimental,26,D76QH
GOOBU,Urban,Public,W8A,Experimental,26,FFCHO
GOOBU,Urban,Public,W8A,Experimental,26,HLTZ9
GOOBU,Urban,Public,W8A,Experimental,26,J0V3K
GOOBU,Urban,Public,W8A,Experimental,26,JOWGS
GOOBU,Urban,Public,W8A,Experimental,26,KG0JT
GOOBU,Urban,Public,W8A,Experimental,26,KVGQU
GOOBU,Urban,Public,W8A,Experimental,26,M34JB
GOOBU,Urban,Public,W8A,Experimental,26,M3Q4U
GOOBU,Urban,Public,W8A,Experimental,26,NFXF0
GOOBU,Urban,Public,W8A,Experimental,26,QQJEC
GOOBU,Urban,Public,W8A,Experimental,26,RDNR9
GOOBU,Urban,Public,W8A,Experimental,26,SC382
GOOBU,Urban,Public,W8A,Experimental,26,UYKRK
GOOBU,Urban,Public,W8A,Experimental,26,UYY4U
IDGFP,Urban,Non-public,05H,Standard,22,1Q5IJ
IDGFP,Urban,Non-public,05H,Standard,22,244TH
IDGFP,Urban,Non-public,05H,Standard,22,2RBHS
IDGFP,Urban,Non-public,05H,Standard,22,4V1FZ
IDGFP,Urban,Non-public,05H,Standard,22,66F0E
IDGFP,Urban,Non-public,05H,Standard,22,81HQ5
IDGFP,Urban,Non-public,05H,Standard,22,AZ8TD
IDGFP,Urban,Non-public,05H,Standard,22,BFTIU
IDGFP,Urban,Non-public,05H,Standard,22,ECID0
IDGFP,Urban,Non-public,05H,Standard,22,EKP6D
IDGFP,Urban,Non-public,05H,Standard,22,LLVCV
IDGFP,Urban,Non-public,05H,Standard,22,MNYAI
IDGFP,Urban,Non-public,05H,Standard,22,MRJP3
IDGFP,Urban,Non-public,05H,Standard,22,NNVWK
IDGFP,Urban,Non-public,05H,Standard,22,O8JV2
IDGFP,Urban,Non-public,05H,Standard,22,OD8GS
IDGFP,Urban,Non-public,05H,Standard,22,OLXN2
IDGFP,Urban,Non-public,05H,Standard,22,TDTSM
IDGFP,Urban,Non-public,05H,Standard,22,VX97O
IDGFP,Urban,Non-public,05H,Standard,22,WTS1I
IDGFP,Urban,Non-public,05H,Standard,22,ZHM15
IDGFP,Urban,Non-public,05H,Standard,22,ZJ9AC
IDGFP,Urban,Non-public,98D,Experimental,21,6AY2E
IDGFP,Urban,Non-public,98D,Experimental,21,70GY7
IDGFP,Urban,Non-public,98D,Experimental,21,72NKS
IDGFP,Urban,Non-public,98D,Experimental,21,9D5GC
IDGFP,Urban,Non-public,98D,Experimental,21,A99SV
IDGFP,Urban,Non-public,98D,Experimental,21,BU6TQ
IDGFP,Urban,Non-public,98D,Experimental,21,F5H1B
IDGFP,Urban,Non-public,98D,Experimental,21,FZDNX
IDGFP,Urban,Non-public,98D,Experimental,21,GBC87
IDGFP,Urban,Non-public,98D,Experimental,21,HHYKH
IDGFP,Urban,Non-public,98D,Experimental,21,IUKHE
IDGFP,Urban,Non-public,98D,Experimental,21,IWFBI
IDGFP,Urban,Non-public,98D,Experimental,21,MKL3E
IDGFP,Urban,Non-public,98D,Experimental,21,NYDF6
IDGFP,Urban,Non-public,98D,Experimental,21,PH300
IDGFP,Urban,Non-public,98D,Experimental,21,Q4Q2T
IDGFP,Urban,Non-public,98D,Experimental,21,QZPO5
IDGFP,Urban,Non-public,98D,Experimental,21,SA51C
IDGFP,Urban,Non-public,98D,Experimental,21,U10TY
IDGFP,Urban,Non-public,98D,Experimental,21,UF2ZX
IDGFP,Urban,Non-public,98D,Experimental,21,YLIKU
IDGFP,Urban,Non-public,G2L,Standard,17,0I7BC
IDGFP,Urban,Non-public,G2L,Standard,17,1MZ88
IDGFP,Urban,Non-public,G2L,Standard,17,3OE0R
IDGFP,Urban,Non-public,G2L,Standard,17,7FG13
IDGFP,Urban,Non-public,G2L,Standard,17,8JLKV
IDGFP,Urban,Non-public,G2L,Standard,17,B3Q7F
IDGFP,Urban,Non-public,G2L,Standard,17,BD68G
IDGFP,Urban,Non-public,G2L,Standard,17,BYOML
IDGFP,Urban,Non-public,G2L,Standard,17,CKFUH
IDGFP,Urban,Non-public,G2L,Standard,17,DAAC3
IDGFP,Urban,Non-public,G2L,Standard,17,K0RE7
IDGFP,Urban,Non-public,G2L,Standard,17,KELXA
IDGFP,Urban,Non-public,G2L,Standard,17,KO0KO
IDGFP,Urban,Non-public,G2L,Standard,17,MABFE
IDGFP,Urban,Non-public,G2L,Standard,17,NI2JW
IDGFP,Urban,Non-public,G2L,Standard,17,QXGYA
IDGFP,Urban,Non-public,G2L,Standard,17,T03W3
IDGFP,Urban,Non-public,P2A,Experimental,17,1QLNQ
IDGFP,Urban,Non-public,P2A,Experimental,17,37DM6
IDGFP,Urban,Non-public,P2A,Experimental,17,9JGL2
IDGFP,Urban,Non-public,P2A,Experimental,17,BYVSP
IDGFP,Urban,Non-public,P2A,Experimental,17,D9SR6
IDGFP,Urban,Non-public,P2A,Experimental,17,HXUZG
IDGFP,Urban,Non-public,P2A,Experimental,17,K5955
IDGFP,Urban,Non-public,P2A,Experimental,17,NWT24
IDGFP,Urban,Non-public,P2A,Experimental,17,P32P9
IDGFP,Urban,Non-public,P2A,Experimental,17,QXTHU
IDGFP,Urban,Non-public,P2A,Experimental,17,RG9R4
IDGFP,Urban,Non-public,P2A,Experimental,17,RVC99
IDGFP,Urban,Non-public,P2A,Experimental,17,SH2DM
IDGFP,Urban,Non-public,P2A,Experimental,17,TRDWB
IDGFP,Urban,Non-public,P2A,Experimental,17,UZ1YR
IDGFP,Urban,Non-public,P2A,Experimental,17,VT3PJ
IDGFP,Urban,Non-public,P2A,Experimental,17,W4KYQ
IDGFP,Urban,Non-public,XZM,Standard,17,18U47
IDGFP,Urban,Non-public,XZM,Standard,17,2DSRE
IDGFP,Urban,Non-public,XZM,Standard,17,5NROF
IDGFP,Urban,Non-public,XZM,Standard,17,66QL7
IDGFP,Urban,Non-public,XZM,Standard,17,6OF17
IDGFP,Urban,Non-public,XZM,Standard,17,703OV
IDGFP,Urban,Non-public,XZM,Standard,17,AKMB6
IDGFP,Urban,Non-public,XZM,Standard,17,EKU9C
IDGFP,Urban,Non-public,XZM,Standard,17,GZBOQ
IDGFP,Urban,Non-public,XZM,Standard,17,H5UUL
IDGFP,Urban,Non-public,XZM,Standard,17,I284N
IDGFP,Urban,Non-public,XZM,Standard,17,I3PZA
IDGFP,Urban,Non-public,XZM,Standard,17,IHVXF
IDGFP,Urban,Non-public,XZM,Standard,17,RGOYE
IDGFP,Urban,Non-public,XZM,Standard,17,UBRDA
IDGFP,Urban,Non-public,XZM,Standard,17,XBZ3J
IDGFP,Urban,Non-public,XZM,Standard,17,XHZRD
KFZMY,Urban,Non-public,1VD,Experimental,27,1QW92
KFZMY,Urban,Non-public,1VD,Experimental,27,20GY6
KFZMY,Urban,Non-public,1VD,Experimental,27,270VO
KFZMY,Urban,Non-public,1VD,Experimental,27,2E0P4
KFZMY,Urban,Non-public,1VD,Experimental,27,47R59
KFZMY,Urban,Non-public,1VD,Experimental,27,4O7F9
KFZMY,Urban,Non-public,1VD,Experimental,27,AXQ2I
KFZMY,Urban,Non-public,1VD,Experimental,27,BOSK4
KFZMY,Urban,Non-public,1VD,Experimental,27,C2UIR
KFZMY,Urban,Non-public,1VD,Experimental,27,CO91R
KFZMY,Urban,Non-public,1VD,Experimental,27,D1K24
KFZMY,Urban,Non-public,1VD,Experimental,27,HHVX3
KFZMY,Urban,Non-public,1VD,Experimental,27,KUSRN
KFZMY,Urban,Non-public,1VD,Experimental,27,LRZXP
KFZMY,Urban,Non-public,1VD,Experimental,27,MOWQW
KFZMY,Urban,Non-public,1VD,Experimental,27,NTECN
KFZMY,Urban,Non-public,1VD,Experimental,27,O64JQ
KFZMY,Urban,Non-public,1VD,Experimental,27,O8S23
KFZMY,Urban,Non-public,1VD,Experimental,27,OO4QN
KFZMY,Urban,Non-public,1VD,Experimental,27,P014J
KFZMY,Urban,Non-public,1VD,Experimental,27,P5OPK
KFZMY,Urban,Non-public,1VD,Experimental,27,R0DLG
KFZMY,Urban,Non-public,1VD,Experimental,27,RFKQ2
KFZMY,Urban,Non-public,1VD,Experimental,27,S3J5U
KFZMY,Urban,Non-public,1VD,Experimental,27,SJNNJ
KFZMY,Urban,Non-public,1VD,Experimental,27,T02OH
KFZMY,Urban,Non-public,1VD,Experimental,27,Y5XWB
KFZMY,Urban,Non-public,21Q,Standard,25,2UUOQ
KFZMY,Urban,Non-public,21Q,Standard,25,43IMD
KFZMY,Urban,Non-public,21Q,Standard,25,4JBGB
KFZMY,Urban,Non-public,21Q,Standard,25,4Q2NT
KFZMY,Urban,Non-public,21Q,Standard,25,4Y0J5
KFZMY,Urban,Non-public,21Q,Standard,25,808RV
KFZMY,Urban,Non-public,21Q,Standard,25,9KW69
KFZMY,Urban,Non-public,21Q,Standard,25,9NRJU
KFZMY,Urban,Non-public,21Q,Standard,25,ABNLD
KFZMY,Urban,Non-public,21Q,Standard,25,CGCGR
KFZMY,Urban,Non-public,21Q,Standard,25,CW0EO
KFZMY,Urban,Non-public,21Q,Standard,25,E6EPH
KFZMY,Urban,Non-public,21Q,Standard,25,FQE5C
KFZMY,Urban,Non-public,21Q,Standard,25,L2D86
KFZMY,Urban,Non-public,21Q,Standard,25,NS4LD
KFZMY,Urban,Non-public,21Q,Standard,25,P5H5B
KFZMY,Urban,Non-public,21Q,Standard,25,PFTGJ
KFZMY,Urban,Non-public,21Q,Standard,25,PJ4OB
KFZMY,Urban,Non-public,21Q,Standard,25,PR2SE
KFZMY,Urban,Non-public,21Q,Standard,25,RZ7VK
KFZMY,Urban,Non-public,21Q,Standard,25,RZ8R2
KFZMY,Urban,Non-public,21Q,Standard,25,V7B7N
KFZMY,Urban,Non-public,21Q,Standard,25,V8FEW
KFZMY,Urban,Non-public,21Q,Standard,25,XL187
KFZMY,Urban,Non-public,21Q,Standard,25,ZDWE1
KZKKE,Rural,Public,2BR,Standard,20,0EBJW
KZKKE,Rural,Public,2BR,Standard,20,1M0HM
KZKKE,Rural,Public,2BR,Standard,20,1OGHH
KZKKE,Rural,Public,2BR,Standard,20,2HYPB
KZKKE,Rural,Public,2BR,Standard,20,5F5S6
KZKKE,Rural,Public,2BR,Standard,20,5UKAH
KZKKE,Rural,Public,2BR,Standard,20,75PYA
KZKKE,Rural,Public,2BR,Standard,20,7UUD2
KZKKE,Rural,Public,2BR,Standard,20,9LSG0
KZKKE,Rural,Public,2BR,Standard,20,AD7YT
KZKKE,Rural,Public,2BR,Standard,20,DM6UL
KZKKE,Rural,Public,2BR,Standard,20,GCK1W
KZKKE,Rural,Public,2BR,Standard,20,KENTO
KZKKE,Rural,Public,2BR,Standard,20,O5PNU
KZKKE,Rural,Public,2BR,Standard,20,OQIGJ
KZKKE,Rural,Public,2BR,Standard,20,Q0U0I
KZKKE,Rural,Public,2BR,Standard,20,R859E
KZKKE,Rural,Public,2BR,Standard,20,RAJVR
KZKKE,Rural,Public,2BR,Standard,20,W7JZI
KZKKE,Rural,Public,2BR,Standard,20,WB0ZA
KZKKE,Rural,Public,3D0,Standard,22,1KE7L
KZKKE,Rural,Public,3D0,Standard,22,5LFSK
KZKKE,Rural,Public,3D0,Standard,22,BT8BY
KZKKE,Rural,Public,3D0,Standard,22,CTFB2
KZKKE,Rural,Public,3D0,Standard,22,DO21O
KZKKE,Rural,Public,3D0,Standard,22,EOZV5
KZKKE,Rural,Public,3D0,Standard,22,FNQIP
KZKKE,Rural,Public,3D0,Standard,22,GFVOX
KZKKE,Rural,Public,3D0,Standard,22,GONLU
KZKKE,Rural,Public,3D0,Standard,22,HF4C7
KZKKE,Rural,Public,3D0,Standard,22,JBZCX
KZKKE,Rural,Public,3D0,Standard,22,LK690
KZKKE,Rural,Public,3D0,Standard,22,LYT0H
KZKKE,Rural,Public,3D0,Standard,22,OPOZ3
KZKKE,Rural,Public,3D0,Standard,22,PMVCX
KZKKE,Rural,Public,3D0,Standard,22,QFYO5
KZKKE,Rural,Public,3D0,Standard,22,QLIX9
KZKKE,Rural,Public,3D0,Standard,22,QOAA6
KZKKE,Rural,Public,3D0,Standard,22,RHOL5
KZKKE,Rural,Public,3D0,Standard,22,T1N79
KZKKE,Rural,Public,3D0,Standard,22,ZRQGZ
KZKKE,Rural,Public,3D0,Standard,22,ZSLGX
KZKKE,Rural,Public,5JK,Standard,24,04TOE
KZKKE,Rural,Public,5JK,Standard,24,1ZWQW
KZKKE,Rural,Public,5JK,Standard,24,2DSZC
KZKKE,Rural,Public,5JK,Standard,24,8DGQQ
KZKKE,Rural,Public,5JK,Standard,24,8Q0G9
KZKKE,Rural,Public,5JK,Standard,24,AMERN
KZKKE,Rural,Public,5JK,Standard,24,BC0AI
KZKKE,Rural,Public,5JK,Standard,24,BVNY3
KZKKE,Rural,Public,5JK,Standard,24,CYTS4
KZKKE,Rural,Public,5JK,Standard,24,DIR4F
KZKKE,Rural,Public,5JK,Standard,24,FAJ8G
KZKKE,Rural,Public,5JK,Standard,24,FU2Q1
KZKKE,Rural,Public,5JK,Standard,24,FYF2E
KZKKE,Rural,Public,5JK,Standard,24,HQ18M
KZKKE,Rural,Public,5JK,Standard,24,JNSF2
KZKKE,Rural,Public,5JK,Standard,24,L33FR
KZKKE,Rural,Public,5JK,Standard,24,MXRZF
KZKKE,Rural,Public,5JK,Standard,24,P75GA
KZKKE,Rural,Public,5JK,Standard,24,Q4ZMR
KZKKE,Rural,Public,5JK,Standard,24,QA54S
KZKKE,Rural,Public,5JK,Standard,24,R64X5
KZKKE,Rural,Public,5JK,Standard,24,RGETN
KZKKE,Rural,Public,5JK,Standard,24,UPCU5
KZKKE,Rural,Public,5JK,Standard,24,XDNY7
KZKKE,Rural,Public,O6A,Standard,22,04AKE
KZKKE,Rural,Public,O6A,Standard,22,AQWWF
KZKKE,Rural,Public,O6A,Standard,22,B00OI
KZKKE,Rural,Public,O6A,Standard,22,BWKEO
KZKKE,Rural,Public,O6A,Standard,22,CNER1
KZKKE,Rural,Public,O6A,Standard,22,DGFMM
KZKKE,Rural,Public,O6A,Standard,22,DXI2U
KZKKE,Rural,Public,O6A,Standard,22,EI64V
KZKKE,Rural,Public,O6A,Standard,22,G5DJK
KZKKE,Rural,Public,O6A,Standard,22,GEAML
KZKKE,Rural,Public,O6A,Standard,22,GZWE8
KZKKE,Rural,Public,O6A,Standard,22,JKPGR
KZKKE,Rural,Public,O6A,Standard,22,LXZT1
KZKKE,Rural,Public,O6A,Standard,22,NC39S
KZKKE,Rural,Public,O6A,Standard,22,NO7A8
KZKKE,Rural,Public,O6A,Standard,22,NQWI4
KZKKE,Rural,Public,O6A,Standard,22,O4GER
KZKKE,Rural,Public,O6A,Standard,22,P72JH
KZKKE,Rural,Public,O6A,Standard,22,U33J8
KZKKE,Rural,Public,O6A,Standard,22,V1D5F
KZKKE,Rural,Public,O6A,Standard,22,V6XIY
KZKKE,Rural,Public,O6A,Standard,22,YMEER
KZKKE,Rural,Public,QTU,Standard,23,0B12B
KZKKE,Rural,Public,QTU,Standard,23,17QLQ
KZKKE,Rural,Public,QTU,Standard,23,20GR2
KZKKE,Rural,Public,QTU,Standard,23,5QQ2M
KZKKE,Rural,Public,QTU,Standard,23,7XHBP
KZKKE,Rural,Public,QTU,Standard,23,994YC
KZKKE,Rural,Public,QTU,Standard,23,9C08L
KZKKE,Rural,Public,QTU,Standard,23,BI4WF
KZKKE,Rural,Public,QTU,Standard,23,CRILM
KZKKE,Rural,Public,QTU,Standard,23,DRC00
KZKKE,Rural,Public,QTU,Standard,23,EXWSY
KZKKE,Rural,Public,QTU,Standard,23,IRP99
KZKKE,Rural,Public,QTU,Standard,23,KG5MF
KZKKE,Rural,Public,QTU,Standard,23,M2H7J
KZKKE,Rural,Public,QTU,Standard,23,NF7O4
KZKKE,Rural,Public,QTU,Standard,23,PA75T
KZKKE,Rural,Public,QTU,Standard,23,QM9VS
KZKKE,Rural,Public,QTU,Standard,23,R8HW2
KZKKE,Rural,Public,QTU,Standard,23,TF7O6
KZKKE,Rural,Public,QTU,Standard,23,UW2F0
KZKKE,Rural,Public,QTU,Standard,23,VM3EU
KZKKE,Rural,Public,QTU,Standard,23,WZ0HB
KZKKE,Rural,Public,QTU,Standard,23,Y2WEZ
LAYPA,Rural,Public,AJ1,Standard,21,3Z4RO
LAYPA,Rural,Public,AJ1,Standard,21,7QTEC
LAYPA,Rural,Public,AJ1,Standard,21,AP72E
LAYPA,Rural,Public,AJ1,Standard,21,DH9JM
LAYPA,Rural,Public,AJ1,Standard,21,ETID2
LAYPA,Rural,Public,AJ1,Standard,21,F4UXX
LAYPA,Rural,Public,AJ1,Standard,21,FZS9D
LAYPA,Rural,Public,AJ1,Standard,21,G9G77
LAYPA,Rural,Public,AJ1,Standard,21,JW2EJ
LAYPA,Rural,Public,AJ1,Standard,21,KDH19
LAYPA,Rural,Public,AJ1,Standard,21,RL650
LAYPA,Rural,Public,AJ1,Standard,21,RNSGC
LAYPA,Rural,Public,AJ1,Standard,21,S2YL9
LAYPA,Rural,Public,AJ1,Standard,21,T777S
LAYPA,Rural,Public,AJ1,Standard,21,T9G1Q
LAYPA,Rural,Public,AJ1,Standard,21,TZZPN
LAYPA,Rural,Public,AJ1,Standard,21,UE2TY
LAYPA,Rural,Public,AJ1,Standard,21,VKIEK
LAYPA,Rural,Public,AJ1,Standard,21,VLB5M
LAYPA,Rural,Public,AJ1,Standard,21,XM0J9
LAYPA,Rural,Public,AJ1,Standard,21,YAHWM
LAYPA,Rural,Public,J8J,Standard,19,24PRY
LAYPA,Rural,Public,J8J,Standard,19,AEGY3
LAYPA,Rural,Public,J8J,Standard,19,BH0EA
LAYPA,Rural,Public,J8J,Standard,19,DNFA3
LAYPA,Rural,Public,J8J,Standard,19,E794Z
LAYPA,Rural,Public,J8J,Standard,19,EYQXU
LAYPA,Rural,Public,J8J,Standard,19,FD8K3
LAYPA,Rural,Public,J8J,Standard,19,GWG8B
LAYPA,Rural,Public,J8J,Standard,19,H1F9J
LAYPA,Rural,Public,J8J,Standard,19,IQ0AV
LAYPA,Rural,Public,J8J,Standard,19,KJB8T
LAYPA,Rural,Public,J8J,Standard,19,LKLZR
LAYPA,Rural,Public,J8J,Standard,19,P8278
LAYPA,Rural,Public,J8J,Standard,19,POKHM
LAYPA,Rural,Public,J8J,Standard,19,QW175
LAYPA,Rural,Public,J8J,Standard,19,VF28H
LAYPA,Rural,Public,J8J,Standard,19,W9FKB
LAYPA,Rural,Public,J8J,Standard,19,X5W90
LAYPA,Rural,Public,J8J,Standard,19,YZVDZ
LAYPA,Rural,Public,RA5,Experimental,17,4SU16
LAYPA,Rural,Public,RA5,Experimental,17,6M3HN
LAYPA,Rural,Public,RA5,Experimental,17,7Q9LQ
LAYPA,Rural,Public,RA5,Experimental,17,CES33
LAYPA,Rural,Public,RA5,Experimental,17,FMADC
LAYPA,Rural,Public,RA5,Experimental,17,GF6MA
LAYPA,Rural,Public,RA5,Experimental,17,GOPGB
LAYPA,Rural,Public,RA5,Experimental,17,I115S
LAYPA,Rural,Public,RA5,Experimental,17,JFR4G
LAYPA,Rural,Public,RA5,Experimental,17,O0CCH
LAYPA,Rural,Public,RA5,Experimental,17,PPU2J
LAYPA,Rural,Public,RA5,Experimental,17,PTA70
LAYPA,Rural,Public,RA5,Experimental,17,R0Z5D
LAYPA,Rural,Public,RA5,Experimental,17,X916N
LAYPA,Rural,Public,RA5,Experimental,17,XQ69V
LAYPA,Rural,Public,RA5,Experimental,17,YU9XI
LAYPA,Rural,Public,RA5,Experimental,17,Z1ZME
OJOBU,Rural,Public,5SZ,Experimental,17,9N9B1
OJOBU,Rural,Public,5SZ,Experimental,17,CDRUO
OJOBU,Rural,Public,5SZ,Experimental,17,DBWEY
OJOBU,Rural,Public,5SZ,Experimental,17,DOV3H
OJOBU,Rural,Public,5SZ,Experimental,17,EL1BK
OJOBU,Rural,Public,5SZ,Experimental,17,EXWEA
OJOBU,Rural,Public,5SZ,Experimental,17,HWJG5
OJOBU,Rural,Public,5SZ,Experimental,17,K1FZT
OJOBU,Rural,Public,5SZ,Experimental,17,KGZK8
OJOBU,Rural,Public,5SZ,Experimental,17,N4AJE
OJOBU,Rural,Public,5SZ,Experimental,17,PQFNG
OJOBU,Rural,Public,5SZ,Experimental,17,SYCX7
OJOBU,Rural,Public,5SZ,Experimental,17,VZ1NV
OJOBU,Rural,Public,5SZ,Experimental,17,W6HC7
OJOBU,Rural,Public,5SZ,Experimental,17,WLJYG
OJOBU,Rural,Public,5SZ,Experimental,17,ZOAK4
OJOBU,Rural,Public,5SZ,Experimental,17,ZVM0Q
OJOBU,Rural,Public,6U9,Standard,22,16CA3
OJOBU,Rural,Public,6U9,Standard,22,2XO1P
OJOBU,Rural,Public,6U9,Standard,22,74C33
OJOBU,Rural,Public,6U9,Standard,22,8PV7H
OJOBU,Rural,Public,6U9,Standard,22,BIN4L
OJOBU,Rural,Public,6U9,Standard,22,BNGRW
OJOBU,Rural,Public,6U9,Standard,22,BZZOL
OJOBU,Rural,Public,6U9,Standard,22,E2AAO
OJOBU,Rural,Public,6U9,Standard,22,IAKEV
OJOBU,Rural,Public,6U9,Standard,22,K6ZLE
OJOBU,Rural,Public,6U9,Standard,22,KG40V
OJOBU,Rural,Public,6U9,Standard,22,MBLOL
OJOBU,Rural,Public,6U9,Standard,22,MESP7
OJOBU,Rural,Public,6U9,Standard,22,N6JN2
OJOBU,Rural,Public,6U9,Standard,22,O9YAY
OJOBU,Rural,Public,6U9,Standard,22,OQBYX
OJOBU,Rural,Public,6U9,Standard,22,QPY1S
OJOBU,Rural,Public,6U9,Standard,22,RDYAU
OJOBU,Rural,Public,6U9,Standard,22,RQT3M
OJOBU,Rural,Public,6U9,Standard,22,TSOM0
OJOBU,Rural,Public,6U9,Standard,22,V2JU6
OJOBU,Rural,Public,6U9,Standard,22,WR4NN
OJOBU,Rural,Public,FS3,Standard,19,3ZUP5
OJOBU,Rural,Public,FS3,Standard,19,4AV4I
OJOBU,Rural,Public,FS3,Standard,19,4SQKQ
OJOBU,Rural,Public,FS3,Standard,19,50MY6
OJOBU,Rural,Public,FS3,Standard,19,6I95C
OJOBU,Rural,Public,FS3,Standard,19,7IRLR
OJOBU,Rural,Public,FS3,Standard,19,A0IVI
OJOBU,Rural,Public,FS3,Standard,19,AJN0V
OJOBU,Rural,Public,FS3,Standard,19,GVD77
OJOBU,Rural,Public,FS3,Standard,19,I618Z
OJOBU,Rural,Public,FS3,Standard,19,J2AQX
OJOBU,Rural,Public,FS3,Standard,19,KC6W4
OJOBU,Rural,Public,FS3,Standard,19,LASVX
OJOBU,Rural,Public,FS3,Standard,19,QUDKL
OJOBU,Rural,Public,FS3,Standard,19,RD5O5
OJOBU,Rural,Public,FS3,Standard,19,RFA8S
OJOBU,Rural,Public,FS3,Standard,19,V81SU
OJOBU,Rural,Public,FS3,Standard,19,VXJGW
OJOBU,Rural,Public,FS3,Standard,19,WMMW4
OJOBU,Rural,Public,XJ8,Standard,23,1VMNH
OJOBU,Rural,Public,XJ8,Standard,23,49F3U
OJOBU,Rural,Public,XJ8,Standard,23,6QWJK
OJOBU,Rural,Public,XJ8,Standard,23,8TE8Y
OJOBU,Rural,Public,XJ8,Standard,23,AC5BK
OJOBU,Rural,Public,XJ8,Standard,23,AD5OK
OJOBU,Rural,Public,XJ8,Standard,23,AFWCA
OJOBU,Rural,Public,XJ8,Standard,23,CXMKS
OJOBU,Rural,Public,XJ8,Standard,23,DKUQ5
OJOBU,Rural,Public,XJ8,Standard,23,E9UFB
OJOBU,Rural,Public,XJ8,Standard,23,GK7UQ
OJOBU,Rural,Public,XJ8,Standard,23,I93O1
OJOBU,Rural,Public,XJ8,Standard,23,ILXQY
OJOBU,Rural,Public,XJ8,Standard,23,KZPFA
OJOBU,Rural,Public,XJ8,Standard,23,LJSMA
OJOBU,Rural,Public,XJ8,Standard,23,MASAB
OJOBU,Rural,Public,XJ8,Standard,23,MF1NR
OJOBU,Rural,Public,XJ8,Standard,23,PYKYM
OJOBU,Rural,Public,XJ8,Standard,23,UCM5B
OJOBU,Rural,Public,XJ8,Standard,23,W1EY9
OJOBU,Rural,Public,XJ8,Standard,23,YGARH
OJOBU,Rural,Public,XJ8,Standard,23,YPXKI
OJOBU,Rural,Public,XJ8,Standard,23,ZGDQE
QOQTS,Urban,Public,0N7,Experimental,28,1X4LE
QOQTS,Urban,Public,0N7,Experimental,28,3K8VB
QOQTS,Urban,Public,0N7,Experimental,28,4FOOR
QOQTS,Urban,Public,0N7,Experimental,28,6F38N
QOQTS,Urban,Public,0N7,Experimental,28,6V19X
QOQTS,Urban,Public,0N7,Experimental,28,7LULA
QOQTS,Urban,Public,0N7,Experimental,28,9E26H
QOQTS,Urban,Public,0N7,Experimental,28,A4B5Z
QOQTS,Urban,Public,0N7,Experimental,28,BWHHF
QOQTS,Urban,Public,0N7,Experimental,28,CPQZ5
QOQTS,Urban,Public,0N7,Experimental,28,CWNPG
QOQTS,Urban,Public,0N7,Experimental,28,EZVOU
QOQTS,Urban,Public,0N7,Experimental,28,FTOMN
QOQTS,Urban,Public,0N7,Experimental,28,G0DSR
QOQTS,Urban,Public,0N7,Experimental,28,GPNQZ
QOQTS,Urban,Public,0N7,Experimental,28,GRB8C
QOQTS,Urban,Public,0N7,Experimental,28,JVF58
QOQTS,Urban,Public,0N7,Experimental,28,L9CIM
QOQTS,Urban,Public,0N7,Experimental,28,LZDOV
QOQTS,Urban,Public,0N7,Experimental,28,OSXFO
QOQTS,Urban,Public,0N7,Experimental,28,OV3PC
QOQTS,Urban,Public,0N7,Experimental,28,PUJFV
QOQTS,Urban,Public,0N7,Experimental,28,SGVTD
QOQTS,Urban,Public,0N7,Experimental,28,VVHRQ
QOQTS,Urban,Public,0N7,Experimental,28,W217G
QOQTS,Urban,Public,0N7,Experimental,28,WHJQO
QOQTS,Urban,Public,0N7,Experimental,28,XIV97
QOQTS,Urban,Public,0N7,Experimental,28,YGGJT
QOQTS,Urban,Public,3XJ,Standard,24,1VF7G
QOQTS,Urban,Public,3XJ,Standard,24,5884X
QOQTS,Urban,Public,3XJ,Standard,24,9TCBM
QOQTS,Urban,Public,3XJ,Standard,24,A8L7P
QOQTS,Urban,Public,3XJ,Standard,24,BOMPO
QOQTS,Urban,Public,3XJ,Standard,24,BZG06
QOQTS,Urban,Public,3XJ,Standard,24,CE7P3
QOQTS,Urban,Public,3XJ,Standard,24,FIGCP
QOQTS,Urban,Public,3XJ,Standard,24,G8C0U
QOQTS,Urban,Public,3XJ,Standard,24,J39HG
QOQTS,Urban,Public,3XJ,Standard,24,J46NP
QOQTS,Urban,Public,3XJ,Standard,24,K58CZ
QOQTS,Urban,Public,3XJ,Standard,24,LJWJ5
QOQTS,Urban,Public,3XJ,Standard,24,M4BRQ
QOQTS,Urban,Public,3XJ,Standard,24,N8UTT
QOQTS,Urban,Public,3XJ,Standard,24,OXLY0
QOQTS,Urban,Public,3XJ,Standard,24,PY1GY
QOQTS,Urban,Public,3XJ,Standard,24,RP33I
QOQTS,Urban,Public,3XJ,Standard,24,T61LX
QOQTS,Urban,Public,3XJ,Standard,24,T94QN
QOQTS,Urban,Public,3XJ,Standard,24,W95QH
QOQTS,Urban,Public,3XJ,Standard,24,WUC3P
QOQTS,Urban,Public,3XJ,Standard,24,XILO8
QOQTS,Urban,Public,3XJ,Standard,24,ZUFG3
QOQTS,Urban,Public,RK7,Standard,22,0MXW8
QOQTS,Urban,Public,RK7,Standard,22,0VLI0
QOQTS,Urban,Public,RK7,Standard,22,1MUNN
QOQTS,Urban,Public,RK7,Standard,22,64P1X
QOQTS,Urban,Public,RK7,Standard,22,6S1RB
QOQTS,Urban,Public,RK7,Standard,22,8KXVK
QOQTS,Urban,Public,RK7,Standard,22,9PPQ2
QOQTS,Urban,Public,RK7,Standard,22,9TOAI
QOQTS,Urban,Public,RK7,Standard,22,A8OCT
QOQTS,Urban,Public,RK7,Standard,22,F41NC
QOQTS,Urban,Public,RK7,Standard,22,GC32I
QOQTS,Urban,Public,RK7,Standard,22,JVQOT
QOQTS,Urban,Public,RK7,Standard,22,L5MKI
QOQTS,Urban,Public,RK7,Standard,22,M401J
QOQTS,Urban,Public,RK7,Standard,22,M4RHA
QOQTS,Urban,Public,RK7,Standard,22,N1ZJX
QOQTS,Urban,Public,RK7,Standard,22,NNP1T
QOQTS,Urban,Public,RK7,Standard,22,O3INT
QOQTS,Urban,Public,RK7,Standard,22,P7B9V
QOQTS,Urban,Public,RK7,Standard,22,RAAGQ
QOQTS,Urban,Public,RK7,Standard,22,RDSJZ
QOQTS,Urban,Public,RK7,Standard,22,Y0SC0
QOQTS,Urban,Public,SUR,Standard,28,0ATHH
QOQTS,Urban,Public,SUR,Standard,28,36XVY
QOQTS,Urban,Public,SUR,Standard,28,5F3AB
QOQTS,Urban,Public,SUR,Standard,28,6B3YQ
QOQTS,Urban,Public,SUR,Standard,28,7SAPU
QOQTS,Urban,Public,SUR,Standard,28,7UYMS
QOQTS,Urban,Public,SUR,Standard,28,7VV8V
QOQTS,Urban,Public,SUR,Standard,28,A2OLH
QOQTS,Urban,Public,SUR,Standard,28,D42XF
QOQTS,Urban,Public,SUR,Standard,28,DSS9N
QOQTS,Urban,Public,SUR,Standard,28,EP1OW
QOQTS,Urban,Public,SUR,Standard,28,FCNU9
QOQTS,Urban,Public,SUR,Standard,28,G3900
QOQTS,Urban,Public,SUR,Standard,28,H2O56
QOQTS,Urban,Public,SUR,Standard,28,IEA4E
QOQTS,Urban,Public,SUR,Standard,28,IXNI7
QOQTS,Urban,Public,SUR,Standard,28,KV76E
QOQTS,Urban,Public,SUR,Standard,28,M3C4F
QOQTS,Urban,Public,SUR,Standard,28,MINBK
QOQTS,Urban,Public,SUR,Standard,28,NH2XP
QOQTS,Urban,Public,SUR,Standard,28,NK0RT
QOQTS,Urban,Public,SUR,Standard,28,OFPX7
QOQTS,Urban,Public,SUR,Standard,28,SDWCT
QOQTS,Urban,Public,SUR,Standard,28,U355K
QOQTS,Urban,Public,SUR,Standard,28,WKFXN
QOQTS,Urban,Public,SUR,Standard,28,WPUEY
QOQTS,Urban,Public,SUR,Standard,28,XSWF9
QOQTS,Urban,Public,SUR,Standard,28,YZBI1
QOQTS,Urban,Public,X2O,Experimental,25,2Y5KB
QOQTS,Urban,Public,X2O,Experimental,25,3G0AI
QOQTS,Urban,Public,X2O,Experimental,25,3TPE1
QOQTS,Urban,Public,X2O,Experimental,25,59VYG
QOQTS,Urban,Public,X2O,Experimental,25,AKDEM
QOQTS,Urban,Public,X2O,Experimental,25,AO6BG
QOQTS,Urban,Public,X2O,Experimental,25,EJAMZ
QOQTS,Urban,Public,X2O,Experimental,25,FZF17
QOQTS,Urban,Public,X2O,Experimental,25,G193S
QOQTS,Urban,Public,X2O,Experimental,25,H5DOH
QOQTS,Urban,Public,X2O,Experimental,25,HD0QR
QOQTS,Urban,Public,X2O,Experimental,25,HSJ6V
QOQTS,Urban,Public,X2O,Experimental,25,I0YK4
QOQTS,Urban,Public,X2O,Experimental,25,ICRP4
QOQTS,Urban,Public,X2O,Experimental,25,LJWJ6
QOQTS,Urban,Public,X2O,Experimental,25,MHXTU
QOQTS,Urban,Public,X2O,Experimental,25,QPJGR
QOQTS,Urban,Public,X2O,Experimental,25,QS03G
QOQTS,Urban,Public,X2O,Experimental,25,QW5M0
QOQTS,Urban,Public,X2O,Experimental,25,SAYN0
QOQTS,Urban,Public,X2O,Experimental,25,UC234
QOQTS,Urban,Public,X2O,Experimental,25,UM88I
QOQTS,Urban,Public,X2O,Experimental,25,W4M1T
QOQTS,Urban,Public,X2O,Experimental,25,X32YR
QOQTS,Urban,Public,X2O,Experimental,25,YS6D7
QOQTS,Urban,Public,XZ4,Standard,22,0HAGQ
QOQTS,Urban,Public,XZ4,Standard,22,1DSAG
QOQTS,Urban,Public,XZ4,Standard,22,2RXVE
QOQTS,Urban,Public,XZ4,Standard,22,3Z0V4
QOQTS,Urban,Public,XZ4,Standard,22,4QH1V
QOQTS,Urban,Public,XZ4,Standard,22,5BK70
QOQTS,Urban,Public,XZ4,Standard,22,9Q9RK
QOQTS,Urban,Public,XZ4,Standard,22,AAUAP
QOQTS,Urban,Public,XZ4,Standard,22,F3G51
QOQTS,Urban,Public,XZ4,Standard,22,F5RU2
QOQTS,Urban,Public,XZ4,Standard,22,FSTS2
QOQTS,Urban,Public,XZ4,Standard,22,HGCQA
QOQTS,Urban,Public,XZ4,Standard,22,IDSWX
QOQTS,Urban,Public,XZ4,Standard,22,JZA64
QOQTS,Urban,Public,XZ4,Standard,22,N3IUQ
QOQTS,Urban,Public,XZ4,Standard,22,NRHKL
QOQTS,Urban,Public,XZ4,Standard,22,NYDID
QOQTS,Urban,Public,XZ4,Standard,22,QFCSU
QOQTS,Urban,Public,XZ4,Standard,22,QLVBH
QOQTS,Urban,Public,XZ4,Standard,22,S8BUS
QOQTS,Urban,Public,XZ4,Standard,22,TQ7FO
QOQTS,Urban,Public,XZ4,Standard,22,WUBEL
UAGPU,Suburban,Public,1SZ,Standard,22,15087
UAGPU,Suburban,Public,1SZ,Standard,22,68TLS
UAGPU,Suburban,Public,1SZ,Standard,22,8LQQZ
UAGPU,Suburban,Public,1SZ,Standard,22,96R50
UAGPU,Suburban,Public,1SZ,Standard,22,9V75V
UAGPU,Suburban,Public,1SZ,Standard,22,AUZ9N
UAGPU,Suburban,Public,1SZ,Standard,22,B19E2
UAGPU,Suburban,Public,1SZ,Standard,22,B2NRX
UAGPU,Suburban,Public,1SZ,Standard,22,CFH25
UAGPU,Suburban,Public,1SZ,Standard,22,DI6CN
UAGPU,Suburban,Public,1SZ,Standard,22,EEW82
UAGPU,Suburban,Public,1SZ,Standard,22,F9L7V
UAGPU,Suburban,Public,1SZ,Standard,22,GDU43
UAGPU,Suburban,Public,1SZ,Standard,22,JZQIP
UAGPU,Suburban,Public,1SZ,Standard,22,LHLZ0
UAGPU,Suburban,Public,1SZ,Standard,22,O5U7H
UAGPU,Suburban,Public,1SZ,Standard,22,T3MLI
UAGPU,Suburban,Public,1SZ,Standard,22,T51PH
UAGPU,Suburban,Public,1SZ,Standard,22,TM3WU
UAGPU,Suburban,Public,1SZ,Standard,22,VOASI
UAGPU,Suburban,Public,1SZ,Standard,22,YQ2AF
UAGPU,Suburban,Public,1SZ,Standard,22,YV3L0
UAGPU,Suburban,Public,62L,Standard,23,0VF9P
UAGPU,Suburban,Public,62L,Standard,23,10GPN
UAGPU,Suburban,Public,62L,Standard,23,2N2TX
UAGPU,Suburban,Public,62L,Standard,23,5JSKA
UAGPU,Suburban,Public,62L,Standard,23,5ZOS4
UAGPU,Suburban,Public,62L,Standard,23,94EK4
UAGPU,Suburban,Public,62L,Standard,23,B8GPJ
UAGPU,Suburban,Public,62L,Standard,23,BAEWN
UAGPU,Suburban,Public,62L,Standard,23,G4UTB
UAGPU,Suburban,Public,62L,Standard,23,GDMQS
UAGPU,Suburban,Public,62L,Standard,23,KTSB7
UAGPU,Suburban,Public,62L,Standard,23,KXPEE
UAGPU,Suburban,Public,62L,Standard,23,N42JI
UAGPU,Suburban,Public,62L,Standard,23,P5X30
UAGPU,Suburban,Public,62L,Standard,23,RTV9D
UAGPU,Suburban,Public,62L,Standard,23,S8HYS
UAGPU,Suburban,Public,62L,Standard,23,SE4E4
UAGPU,Suburban,Public,62L,Standard,23,TQBTQ
UAGPU,Suburban,Public,62L,Standard,23,VEXWA
UAGPU,Suburban,Public,62L,Standard,23,W6LZR
UAGPU,Suburban,Public,62L,Standard,23,Y4ZOH
UAGPU,Suburban,Public,62L,Standard,23,YIFYG
UAGPU,Suburban,Public,62L,Standard,23,ZEUU8
UAGPU,Suburban,Public,NWZ,Standard,21,17EXU
UAGPU,Suburban,Public,NWZ,Standard,21,23BMT
UAGPU,Suburban,Public,NWZ,Standard,21,2GDJ8
UAGPU,Suburban,Public,NWZ,Standard,21,36YGH
UAGPU,Suburban,Public,NWZ,Standard,21,7NE6P
UAGPU,Suburban,Public,NWZ,Standard,21,93BY7
UAGPU,Suburban,Public,NWZ,Standard,21,ATEDY
UAGPU,Suburban,Public,NWZ,Standard,21,EHWEI
UAGPU,Suburban,Public,NWZ,Standard,21,F6MAL
UAGPU,Suburban,Public,NWZ,Standard,21,GVD2M
UAGPU,Suburban,Public,NWZ,Standard,21,JM80A
UAGPU,Suburban,Public,NWZ,Standard,21,LQAVG
UAGPU,Suburban,Public,NWZ,Standard,21,N1C5K
UAGPU,Suburban,Public,NWZ,Standard,21,OJM71
UAGPU,Suburban,Public,NWZ,Standard,21,S0UET
UAGPU,Suburban,Public,NWZ,Standard,21,TD1N0
UAGPU,Suburban,Public,NWZ,Standard,21,V9D0M
UAGPU,Suburban,Public,NWZ,Standard,21,WNW5P
UAGPU,Suburban,Public,NWZ,Standard,21,XGFGI
UAGPU,Suburban,Public,NWZ,Standard,21,Y2S14
UAGPU,Suburban,Public,NWZ,Standard,21,YBGHP
UAGPU,Suburban,Public,S98,Standard,21,2SCI6
UAGPU,Suburban,Public,S98,Standard,21,58GQ3
UAGPU,Suburban,Public,S98,Standard,21,5HZS0
UAGPU,Suburban,Public,S98,Standard,21,6O11H
UAGPU,Suburban,Public,S98,Standard,21,7BH6I
UAGPU,Suburban,Public,S98,Standard,21,B4BQ2
UAGPU,Suburban,Public,S98,Standard,21,BEDRH
UAGPU,Suburban,Public,S98,Standard,21,BZH4Z
UAGPU,Suburban,Public,S98,Standard,21,C6U78
UAGPU,Suburban,Public,S98,Standard,21,CG4PV
UAGPU,Suburban,Public,S98,Standard,21,DBWGP
UAGPU,Suburban,Public,S98,Standard,21,GGHJ9
UAGPU,Suburban,Public,S98,Standard,21,I9AT5
UAGPU,Suburban,Public,S98,Standard,21,LOKKS
UAGPU,Suburban,Public,S98,Standard,21,NA0CP
UAGPU,Suburban,Public,S98,Standard,21,PXW4K
UAGPU,Suburban,Public,S98,Standard,21,Q94QX
UAGPU,Suburban,Public,S98,Standard,21,RK9Y8
UAGPU,Suburban,Public,S98,Standard,21,RUJQB
UAGPU,Suburban,Public,S98,Standard,21,X7NOM
UAGPU,Suburban,Public,S98,Standard,21,ZU75P
UKPGS,Suburban,Public,08N,Standard,21,1LGMI
UKPGS,Suburban,Public,08N,Standard,21,3K3MA
UKPGS,Suburban,Public,08N,Standard,21,5AT7Y
UKPGS,Suburban,Public,08N,Standard,21,5OKGY
UKPGS,Suburban,Public,08N,Standard,21,6GUH0
UKPGS,Suburban,Public,08N,Standard,21,BVV7P
UKPGS,Suburban,Public,08N,Standard,21,CQRYE
UKPGS,Suburban,Public,08N,Standard,21,CSZV6
UKPGS,Suburban,Public,08N,Standard,21,MVXQR
UKPGS,Suburban,Public,08N,Standard,21,N1923
UKPGS,Suburban,Public,08N,Standard,21,NNADP
UKPGS,Suburban,Public,08N,Standard,21,OEVDO
UKPGS,Suburban,Public,08N,Standard,21,PC2MH
UKPGS,Suburban,Public,08N,Standard,21,RGXS6
UKPGS,Suburban,Public,08N,Standard,21,UX5JT
UKPGS,Suburban,Public,08N,Standard,21,V7CKV
UKPGS,Suburban,Public,08N,Standard,21,XZH2Z
UKPGS,Suburban,Public,08N,Standard,21,YGFAP
UKPGS,Suburban,Public,08N,Standard,21,YPTLT
UKPGS,Suburban,Public,08N,Standard,21,YXBYX
UKPGS,Suburban,Public,08N,Standard,21,ZAH4F
UKPGS,Suburban,Public,9AW,Standard,25,32A5K
UKPGS,Suburban,Public,9AW,Standard,25,3S4PV
UKPGS,Suburban,Public,9AW,Standard,25,48A1T
UKPGS,Suburban,Public,9AW,Standard,25,8N6QZ
UKPGS,Suburban,Public,9AW,Standard,25,B4VE7
UKPGS,Suburban,Public,9AW,Standard,25,COAU1
UKPGS,Suburban,Public,9AW,Standard,25,CPSG8
UKPGS,Suburban,Public,9AW,Standard,25,DQYGC
UKPGS,Suburban,Public,9AW,Standard,25,EUE94
UKPGS,Suburban,Public,9AW,Standard,25,H2NHU
UKPGS,Suburban,Public,9AW,Standard,25,H9GCW
UKPGS,Suburban,Public,9AW,Standard,25,I4IR4
UKPGS,Suburban,Public,9AW,Standard,25,INLHM
UKPGS,Suburban,Public,9AW,Standard,25,JSXAG
UKPGS,Suburban,Public,9AW,Standard,25,KFYSH
UKPGS,Suburban,Public,9AW,Standard,25,LAFO1
UKPGS,Suburban,Public,9AW,Standard,25,M1AZ2
UKPGS,Suburban,Public,9AW,Standard,25,MDLIT
UKPGS,Suburban,Public,9AW,Standard,25,NMN96
UKPGS,Suburban,Public,9AW,Standard,25,S5EY9
UKPGS,Suburban,Public,9AW,Standard,25,TWZWL
UKPGS,Suburban,Public,9AW,Standard,25,VYVEK
UKPGS,Suburban,Public,9AW,Standard,25,WJITF
UKPGS,Suburban,Public,9AW,Standard,25,XOO4J
UKPGS,Suburban,Public,9AW,Standard,25,ZG15E
UKPGS,Suburban,Public,IPU,Experimental,19,0QF6V
UKPGS,Suburban,Public,IPU,Experimental,19,6ZVZS
UKPGS,Suburban,Public,IPU,Experimental,19,7M97F
UKPGS,Suburban,Public,IPU,Experimental,19,9C145
UKPGS,Suburban,Public,IPU,Experimental,19,D6CTU
UKPGS,Suburban,Public,IPU,Experimental,19,FDVGN
UKPGS,Suburban,Public,IPU,Experimental,19,H08BV
UKPGS,Suburban,Public,IPU,Experimental,19,JYMFD
UKPGS,Suburban,Public,IPU,Experimental,19,MCBCN
UKPGS,Suburban,Public,IPU,Experimental,19,ME537
UKPGS,Suburban,Public,IPU,Experimental,19,MTJV5
UKPGS,Suburban,Public,IPU,Experimental,19,O9EES
UKPGS,Suburban,Public,IPU,Experimental,19,OA8E3
UKPGS,Suburban,Public,IPU,Experimental,19,PNXUP
UKPGS,Suburban,Public,IPU,Experimental,19,SNQT3
UKPGS,Suburban,Public,IPU,Experimental,19,SY0BY
UKPGS,Suburban,Public,IPU,Experimental,19,U38NB
UKPGS,Suburban,Public,IPU,Experimental,19,UA1VB
UKPGS,Suburban,Public,IPU,Experimental,19,VDJB4
UKPGS,Suburban,Public,KXB,Experimental,18,4KXHJ
UKPGS,Suburban,Public,KXB,Experimental,18,4USMS
UKPGS,Suburban,Public,KXB,Experimental,18,71V1M
UKPGS,Suburban,Public,KXB,Experimental,18,8023G
UKPGS,Suburban,Public,KXB,Experimental,18,9SSU5
UKPGS,Suburban,Public,KXB,Experimental,18,DT2DK
UKPGS,Suburban,Public,KXB,Experimental,18,DW27M
UKPGS,Suburban,Public,KXB,Experimental,18,F9AF4
UKPGS,Suburban,Public,KXB,Experimental,18,JLT9W
UKPGS,Suburban,Public,KXB,Experimental,18,KA6AR
UKPGS,Suburban,Public,KXB,Experimental,18,ML40U
UKPGS,Suburban,Public,KXB,Experimental,18,N6O4Q
UKPGS,Suburban,Public,KXB,Experimental,18,NDG8X
UKPGS,Suburban,Public,KXB,Experimental,18,PV4KT
UKPGS,Suburban,Public,KXB,Experimental,18,RJ6DM
UKPGS,Suburban,Public,KXB,Experimental,18,W6QBL
UKPGS,Suburban,Public,KXB,Experimental,18,WEKZ0
UKPGS,Suburban,Public,KXB,Experimental,18,WKT2V
UKPGS,Suburban,Public,PGH,Experimental,23,33Q7N
UKPGS,Suburban,Public,PGH,Experimental,23,3UFPK
UKPGS,Suburban,Public,PGH,Experimental,23,6IDYQ
UKPGS,Suburban,Public,PGH,Experimental,23,6SPGY
UKPGS,Suburban,Public,PGH,Experimental,23,82ZHK
UKPGS,Suburban,Public,PGH,Experimental,23,9SO36
UKPGS,Suburban,Public,PGH,Experimental,23,BLJ07
UKPGS,Suburban,Public,PGH,Experimental,23,CHAJB
UKPGS,Suburban,Public,PGH,Experimental,23,DXJFP
UKPGS,Suburban,Public,PGH,Experimental,23,EAKC5
UKPGS,Suburban,Public,PGH,Experimental,23,F51X9
UKPGS,Suburban,Public,PGH,Experimental,23,IGUFT
UKPGS,Suburban,Public,PGH,Experimental,23,JG0OS
UKPGS,Suburban,Public,PGH,Experimental,23,JHB0I
UKPGS,Suburban,Public,PGH,Experimental,23,LB4AC
UKPGS,Suburban,Public,PGH,Experimental,23,O77YR
UKPGS,Suburban,Public,PGH,Experimental,23,OA330
UKPGS,Suburban,Public,PGH,Experimental,23,QZX9P
UKPGS,Suburban,Public,PGH,Experimental,23,TBYDV
UKPGS,Suburban,Public,PGH,Experimental,23,TFEUO
UKPGS,Suburban,Public,PGH,Experimental,23,W2GFZ
UKPGS,Suburban,Public,PGH,Experimental,23,WQCRG
UKPGS,Suburban,Public,PGH,Experimental,23,X3GT7
UKPGS,Suburban,Public,XXE,Standard,22,3BGGH
UKPGS,Suburban,Public,XXE,Standard,22,3YWAD
UKPGS,Suburban,Public,XXE,Standard,22,65F54
UKPGS,Suburban,Public,XXE,Standard,22,6DY5A
UKPGS,Suburban,Public,XXE,Standard,22,A85PD
UKPGS,Suburban,Public,XXE,Standard,22,B5CG1
UKPGS,Suburban,Public,XXE,Standard,22,G5CGC
UKPGS,Suburban,Public,XXE,Standard,22,HQ67D
UKPGS,Suburban,Public,XXE,Standard,22,I0A4E
UKPGS,Suburban,Public,XXE,Standard,22,I3X3Z
UKPGS,Suburban,Public,XXE,Standard,22,JWURS
UKPGS,Suburban,Public,XXE,Standard,22,NFI2E
UKPGS,Suburban,Public,XXE,Standard,22,O4GRR
UKPGS,Suburban,Public,XXE,Standard,22,PSZFU
UKPGS,Suburban,Public,XXE,Standard,22,QDBCB
UKPGS,Suburban,Public,XXE,Standard,22,SVZZ0
UKPGS,Suburban,Public,XXE,Standard,22,U25RO
UKPGS,Suburban,Public,XXE,Standard,22,UGYBD
UKPGS,Suburban,Public,XXE,Standard,22,UNN56
UKPGS,Suburban,Public,XXE,Standard,22,XQA13
UKPGS,Suburban,Public,XXE,Standard,22,YDXV0
UKPGS,Suburban,Public,XXE,Standard,22,YSH7U
UUUQX,Suburban,Non-public,6C1,Standard,16,0KUVX
UUUQX,Suburban,Non-public,6C1,Standard,16,1BEFZ
UUUQX,Suburban,Non-public,6C1,Standard,16,5C3GO
UUUQX,Suburban,Non-public,6C1,Standard,16,7OLG6
UUUQX,Suburban,Non-public,6C1,Standard,16,86HWL
UUUQX,Suburban,Non-public,6C1,Standard,16,95R1X
UUUQX,Suburban,Non-public,6C1,Standard,16,CWZPO
UUUQX,Suburban,Non-public,6C1,Standard,16,MN04N
UUUQX,Suburban,Non-public,6C1,Standard,16,MYVA0
UUUQX,Suburban,Non-public,6C1,Standard,16,OCUFY
UUUQX,Suburban,Non-public,6C1,Standard,16,QDWO8
UUUQX,Suburban,Non-public,6C1,Standard,16,W2UP9
UUUQX,Suburban,Non-public,6C1,Standard,16,X6H3Z
UUUQX,Suburban,Non-public,6C1,Standard,16,XH5US
UUUQX,Suburban,Non-public,6C1,Standard,16,Y3HMW
UUUQX,Suburban,Non-public,6C1,Standard,16,Z2JKR
UUUQX,Suburban,Non-public,AE1,Experimental,17,236KA
UUUQX,Suburban,Non-public,AE1,Experimental,17,25NAF
UUUQX,Suburban,Non-public,AE1,Experimental,17,4ER6K
UUUQX,Suburban,Non-public,AE1,Experimental,17,5BAJD
UUUQX,Suburban,Non-public,AE1,Experimental,17,5CQKT
UUUQX,Suburban,Non-public,AE1,Experimental,17,5T3FK
UUUQX,Suburban,Non-public,AE1,Experimental,17,8SREJ
UUUQX,Suburban,Non-public,AE1,Experimental,17,IG2ZG
UUUQX,Suburban,Non-public,AE1,Experimental,17,P73C4
UUUQX,Suburban,Non-public,AE1,Experimental,17,PN7DI
UUUQX,Suburban,Non-public,AE1,Experimental,17,PWTOX
UUUQX,Suburban,Non-public,AE1,Experimental,17,RF5NL
UUUQX,Suburban,Non-public,AE1,Experimental,17,S3D1U
UUUQX,Suburban,Non-public,AE1,Experimental,17,T0NB9
UUUQX,Suburban,Non-public,AE1,Experimental,17,U19G8
UUUQX,Suburban,Non-public,AE1,Experimental,17,UWEZN
UUUQX,Suburban,Non-public,AE1,Experimental,17,WIX9F
UUUQX,Suburban,Non-public,H7S,Experimental,16,0U7J2
UUUQX,Suburban,Non-public,H7S,Experimental,16,13G8V
UUUQX,Suburban,Non-public,H7S,Experimental,16,1FKL9
UUUQX,Suburban,Non-public,H7S,Experimental,16,34TV1
UUUQX,Suburban,Non-public,H7S,Experimental,16,4DXL9
UUUQX,Suburban,Non-public,H7S,Experimental,16,4EVEG
UUUQX,Suburban,Non-public,H7S,Experimental,16,8MR97
UUUQX,Suburban,Non-public,H7S,Experimental,16,9J2Z8
UUUQX,Suburban,Non-public,H7S,Experimental,16,BIFAM
UUUQX,Suburban,Non-public,H7S,Experimental,16,HY397
UUUQX,Suburban,Non-public,H7S,Experimental,16,P9VM7
UUUQX,Suburban,Non-public,H7S,Experimental,16,PBMNM
UUUQX,Suburban,Non-public,H7S,Experimental,16,R4LBA
UUUQX,Suburban,Non-public,H7S,Experimental,16,RMUPP
UUUQX,Suburban,Non-public,H7S,Experimental,16,TAFK3
UUUQX,Suburban,Non-public,H7S,Experimental,16,XWXL4
UUUQX,Suburban,Non-public,P8I,Standard,20,038FI
UUUQX,Suburban,Non-public,P8I,Standard,20,05KAX
UUUQX,Suburban,Non-public,P8I,Standard,20,20UT3
UUUQX,Suburban,Non-public,P8I,Standard,20,4QD4Z
UUUQX,Suburban,Non-public,P8I,Standard,20,5QKZ9
UUUQX,Suburban,Non-public,P8I,Standard,20,7L0U6
UUUQX,Suburban,Non-public,P8I,Standard,20,8RSUD
UUUQX,Suburban,Non-public,P8I,Standard,20,AYAZF
UUUQX,Suburban,Non-public,P8I,Standard,20,C3584
UUUQX,Suburban,Non-public,P8I,Standard,20,DPUY4
UUUQX,Suburban,Non-public,P8I,Standard,20,HYYYA
UUUQX,Suburban,Non-public,P8I,Standard,20,PRZUQ
UUUQX,Suburban,Non-public,P8I,Standard,20,QM24G
UUUQX,Suburban,Non-public,P8I,Standard,20,S98ME
UUUQX,Suburban,Non-public,P8I,Standard,20,SEBPC
UUUQX,Suburban,Non-public,P8I,Standard,20,SMJ14
UUUQX,Suburban,Non-public,P8I,Standard,20,T570M
UUUQX,Suburban,Non-public,P8I,Standard,20,WB8AL
UUUQX,Suburban,Non-public,P8I,Standard,20,Y6B5R
UUUQX,Suburban,Non-public,P8I,Standard,20,Z2G9R
UUUQX,Suburban,Non-public,SSP,Standard,15,07N4F
UUUQX,Suburban,Non-public,SSP,Standard,15,0AIOR
UUUQX,Suburban,Non-public,SSP,Standard,15,37W3X
UUUQX,Suburban,Non-public,SSP,Standard,15,3E36E
UUUQX,Suburban,Non-public,SSP,Standard,15,3SWL5
UUUQX,Suburban,Non-public,SSP,Standard,15,8ECN8
UUUQX,Suburban,Non-public,SSP,Standard,15,ER2T8
UUUQX,Suburban,Non-public,SSP,Standard,15,GTHLL
UUUQX,Suburban,Non-public,SSP,Standard,15,IT97C
UUUQX,Suburban,Non-public,SSP,Standard,15,IZDY7
UUUQX,Suburban,Non-public,SSP,Standard,15,JPYUB
UUUQX,Suburban,Non-public,SSP,Standard,15,NTU46
UUUQX,Suburban,Non-public,SSP,Standard,15,Q7ZIU
UUUQX,Suburban,Non-public,SSP,Standard,15,YTS8T
UUUQX,Suburban,Non-public,SSP,Standard,15,Z4549
VHDHF,Rural,Non-public,CD8,Experimental,20,18VK7
VHDHF,Rural,Non-public,CD8,Experimental,20,8.00E+10
VHDHF,Rural,Non-public,CD8,Experimental,20,8HJY3
VHDHF,Rural,Non-public,CD8,Experimental,20,AN3SG
VHDHF,Rural,Non-public,CD8,Experimental,20,BB5YM
VHDHF,Rural,Non-public,CD8,Experimental,20,BEC7H
VHDHF,Rural,Non-public,CD8,Experimental,20,GCN2Y
VHDHF,Rural,Non-public,CD8,Experimental,20,GF5N4
VHDHF,Rural,Non-public,CD8,Experimental,20,GZYH3
VHDHF,Rural,Non-public,CD8,Experimental,20,HA8N7
VHDHF,Rural,Non-public,CD8,Experimental,20,I2MTP
VHDHF,Rural,Non-public,CD8,Experimental,20,IKVTW
VHDHF,Rural,Non-public,CD8,Experimental,20,NOHNV
VHDHF,Rural,Non-public,CD8,Experimental,20,O8UE1
VHDHF,Rural,Non-public,CD8,Experimental,20,PA8XJ
VHDHF,Rural,Non-public,CD8,Experimental,20,QKSBS
VHDHF,Rural,Non-public,CD8,Experimental,20,RY6W4
VHDHF,Rural,Non-public,CD8,Experimental,20,THJJ1
VHDHF,Rural,Non-public,CD8,Experimental,20,TQFGY
VHDHF,Rural,Non-public,CD8,Experimental,20,TRBDH
VHDHF,Rural,Non-public,J6X,Standard,16,16EN7
VHDHF,Rural,Non-public,J6X,Standard,16,42NEO
VHDHF,Rural,Non-public,J6X,Standard,16,583ZR
VHDHF,Rural,Non-public,J6X,Standard,16,8QPPC
VHDHF,Rural,Non-public,J6X,Standard,16,9UO4I
VHDHF,Rural,Non-public,J6X,Standard,16,A8F0T
VHDHF,Rural,Non-public,J6X,Standard,16,DSKAZ
VHDHF,Rural,Non-public,J6X,Standard,16,H7BTQ
VHDHF,Rural,Non-public,J6X,Standard,16,I0TKZ
VHDHF,Rural,Non-public,J6X,Standard,16,I8P7Y
VHDHF,Rural,Non-public,J6X,Standard,16,J8DNL
VHDHF,Rural,Non-public,J6X,Standard,16,JDBQH
VHDHF,Rural,Non-public,J6X,Standard,16,LNO77
VHDHF,Rural,Non-public,J6X,Standard,16,PKXMF
VHDHF,Rural,Non-public,J6X,Standard,16,W4UNG
VHDHF,Rural,Non-public,J6X,Standard,16,W77MX
VHDHF,Rural,Non-public,KR1,Experimental,15,147UW
VHDHF,Rural,Non-public,KR1,Experimental,15,6CQH6
VHDHF,Rural,Non-public,KR1,Experimental,15,97YOT
VHDHF,Rural,Non-public,KR1,Experimental,15,99UUZ
VHDHF,Rural,Non-public,KR1,Experimental,15,CZYTB
VHDHF,Rural,Non-public,KR1,Experimental,15,DLUWQ
VHDHF,Rural,Non-public,KR1,Experimental,15,K0GYZ
VHDHF,Rural,Non-public,KR1,Experimental,15,M0EE2
VHDHF,Rural,Non-public,KR1,Experimental,15,MNVG5
VHDHF,Rural,Non-public,KR1,Experimental,15,MYZZ8
VHDHF,Rural,Non-public,KR1,Experimental,15,O2CP6
VHDHF,Rural,Non-public,KR1,Experimental,15,OA4KH
VHDHF,Rural,Non-public,KR1,Experimental,15,UQEHO
VHDHF,Rural,Non-public,KR1,Experimental,15,UV4VL
VHDHF,Rural,Non-public,KR1,Experimental,15,X36VE
VKWQH,Rural,Public,341,Standard,18,251LB
VKWQH,Rural,Public,341,Standard,18,4Q94R
VKWQH,Rural,Public,341,Standard,18,4RLVS
VKWQH,Rural,Public,341,Standard,18,CWETG
VKWQH,Rural,Public,341,Standard,18,DJK1N
VKWQH,Rural,Public,341,Standard,18,DWGQI
VKWQH,Rural,Public,341,Standard,18,GUQVH
VKWQH,Rural,Public,341,Standard,18,GXAG3
VKWQH,Rural,Public,341,Standard,18,HQTXY
VKWQH,Rural,Public,341,Standard,18,JK8YI
VKWQH,Rural,Public,341,Standard,18,KJDK7
VKWQH,Rural,Public,341,Standard,18,MJ0LU
VKWQH,Rural,Public,341,Standard,18,MZBQW
VKWQH,Rural,Public,341,Standard,18,S6ZUI
VKWQH,Rural,Public,341,Standard,18,SI1WU
VKWQH,Rural,Public,341,Standard,18,UGL3V
VKWQH,Rural,Public,341,Standard,18,V0B10
VKWQH,Rural,Public,341,Standard,18,ZY9X3
VKWQH,Rural,Public,D33,Standard,21,094FR
VKWQH,Rural,Public,D33,Standard,21,3BJMM
VKWQH,Rural,Public,D33,Standard,21,71EC6
VKWQH,Rural,Public,D33,Standard,21,74CHH
VKWQH,Rural,Public,D33,Standard,21,7XG5T
VKWQH,Rural,Public,D33,Standard,21,BJ4Z5
VKWQH,Rural,Public,D33,Standard,21,CPQ7T
VKWQH,Rural,Public,D33,Standard,21,FTDEU
VKWQH,Rural,Public,D33,Standard,21,FTUTG
VKWQH,Rural,Public,D33,Standard,21,H2AGT
VKWQH,Rural,Public,D33,Standard,21,H4ECV
VKWQH,Rural,Public,D33,Standard,21,HA68O
VKWQH,Rural,Public,D33,Standard,21,OD271
VKWQH,Rural,Public,D33,Standard,21,Q6SBB
VKWQH,Rural,Public,D33,Standard,21,QCQET
VKWQH,Rural,Public,D33,Standard,21,TQDZV
VKWQH,Rural,Public,D33,Standard,21,UQYQ1
VKWQH,Rural,Public,D33,Standard,21,VSCUG
VKWQH,Rural,Public,D33,Standard,21,XL3MD
VKWQH,Rural,Public,D33,Standard,21,YJLKC
VKWQH,Rural,Public,D33,Standard,21,ZGB9Z
VKWQH,Rural,Public,DFQ,Experimental,19,0U8FN
VKWQH,Rural,Public,DFQ,Experimental,19,0VTPD
VKWQH,Rural,Public,DFQ,Experimental,19,18OHA
VKWQH,Rural,Public,DFQ,Experimental,19,31OXZ
VKWQH,Rural,Public,DFQ,Experimental,19,35KZZ
VKWQH,Rural,Public,DFQ,Experimental,19,7K0K0
VKWQH,Rural,Public,DFQ,Experimental,19,8LFBJ
VKWQH,Rural,Public,DFQ,Experimental,19,D1I4F
VKWQH,Rural,Public,DFQ,Experimental,19,D2SZO
VKWQH,Rural,Public,DFQ,Experimental,19,DMCWG
VKWQH,Rural,Public,DFQ,Experimental,19,E40SE
VKWQH,Rural,Public,DFQ,Experimental,19,ICZUM
VKWQH,Rural,Public,DFQ,Experimental,19,KM4CH
VKWQH,Rural,Public,DFQ,Experimental,19,L9I8P
VKWQH,Rural,Public,DFQ,Experimental,19,NC4UO
VKWQH,Rural,Public,DFQ,Experimental,19,NTWOX
VKWQH,Rural,Public,DFQ,Experimental,19,SHWYN
VKWQH,Rural,Public,DFQ,Experimental,19,TRU03
VKWQH,Rural,Public,DFQ,Experimental,19,ZKC14
VKWQH,Rural,Public,GYM,Standard,20,1E2N1
VKWQH,Rural,Public,GYM,Standard,20,39RRR
VKWQH,Rural,Public,GYM,Standard,20,9FZ9I
VKWQH,Rural,Public,GYM,Standard,20,9ZYVG
VKWQH,Rural,Public,GYM,Standard,20,BC9MW
VKWQH,Rural,Public,GYM,Standard,20,CE3B7
VKWQH,Rural,Public,GYM,Standard,20,EEDA4
VKWQH,Rural,Public,GYM,Standard,20,EMI9G
VKWQH,Rural,Public,GYM,Standard,20,MRUD1
VKWQH,Rural,Public,GYM,Standard,20,OOUK4
VKWQH,Rural,Public,GYM,Standard,20,P7PFY
VKWQH,Rural,Public,GYM,Standard,20,PW0KX
VKWQH,Rural,Public,GYM,Standard,20,SMXWL
VKWQH,Rural,Public,GYM,Standard,20,SP09I
VKWQH,Rural,Public,GYM,Standard,20,T9YB9
VKWQH,Rural,Public,GYM,Standard,20,U8IBL
VKWQH,Rural,Public,GYM,Standard,20,UP1PU
VKWQH,Rural,Public,GYM,Standard,20,XALAZ
VKWQH,Rural,Public,GYM,Standard,20,Y8E09
VKWQH,Rural,Public,GYM,Standard,20,YWJV1
VKWQH,Rural,Public,IEM,Experimental,22,04GS3
VKWQH,Rural,Public,IEM,Experimental,22,04TG9
VKWQH,Rural,Public,IEM,Experimental,22,3NOO6
VKWQH,Rural,Public,IEM,Experimental,22,3X09W
VKWQH,Rural,Public,IEM,Experimental,22,43TA7
VKWQH,Rural,Public,IEM,Experimental,22,7Y0SC
VKWQH,Rural,Public,IEM,Experimental,22,895T7
VKWQH,Rural,Public,IEM,Experimental,22,BT2IT
VKWQH,Rural,Public,IEM,Experimental,22,C32WQ
VKWQH,Rural,Public,IEM,Experimental,22,HVQDV
VKWQH,Rural,Public,IEM,Experimental,22,JP1PK
VKWQH,Rural,Public,IEM,Experimental,22,K93GE
VKWQH,Rural,Public,IEM,Experimental,22,KFQEB
VKWQH,Rural,Public,IEM,Experimental,22,KPTGF
VKWQH,Rural,Public,IEM,Experimental,22,L5CN8
VKWQH,Rural,Public,IEM,Experimental,22,NNWQ5
VKWQH,Rural,Public,IEM,Experimental,22,QZWJY
VKWQH,Rural,Public,IEM,Experimental,22,RGPSQ
VKWQH,Rural,Public,IEM,Experimental,22,XCWK3
VKWQH,Rural,Public,IEM,Experimental,22,YEYXG
VKWQH,Rural,Public,IEM,Experimental,22,YGX7N
VKWQH,Rural,Public,IEM,Experimental,22,YZJEF
VVTVA,Urban,Public,7BL,Standard,29,15IAX
VVTVA,Urban,Public,7BL,Standard,29,174XC
VVTVA,Urban,Public,7BL,Standard,29,40ENN
VVTVA,Urban,Public,7BL,Standard,29,81JIV
VVTVA,Urban,Public,7BL,Standard,29,87JFN
VVTVA,Urban,Public,7BL,Standard,29,8KIIZ
VVTVA,Urban,Public,7BL,Standard,29,BZG6L
VVTVA,Urban,Public,7BL,Standard,29,CBSY2
VVTVA,Urban,Public,7BL,Standard,29,FQUMU
VVTVA,Urban,Public,7BL,Standard,29,H2WZ7
VVTVA,Urban,Public,7BL,Standard,29,JGQ0Z
VVTVA,Urban,Public,7BL,Standard,29,KBJ1D
VVTVA,Urban,Public,7BL,Standard,29,L1BB3
VVTVA,Urban,Public,7BL,Standard,29,MIGFL
VVTVA,Urban,Public,7BL,Standard,29,MP34B
VVTVA,Urban,Public,7BL,Standard,29,NW57G
VVTVA,Urban,Public,7BL,Standard,29,P4T8T
VVTVA,Urban,Public,7BL,Standard,29,PVNY9
VVTVA,Urban,Public,7BL,Standard,29,QRZUK
VVTVA,Urban,Public,7BL,Standard,29,RC59J
VVTVA,Urban,Public,7BL,Standard,29,TIVFF
VVTVA,Urban,Public,7BL,Standard,29,TOJEJ
VVTVA,Urban,Public,7BL,Standard,29,TRHW9
VVTVA,Urban,Public,7BL,Standard,29,U3U5H
VVTVA,Urban,Public,7BL,Standard,29,VQB53
VVTVA,Urban,Public,7BL,Standard,29,VSJ34
VVTVA,Urban,Public,7BL,Standard,29,VVZRY
VVTVA,Urban,Public,7BL,Standard,29,W5895
VVTVA,Urban,Public,7BL,Standard,29,YED8S
VVTVA,Urban,Public,A93,Experimental,30,0CSKF
VVTVA,Urban,Public,A93,Experimental,30,0JIY9
VVTVA,Urban,Public,A93,Experimental,30,1LC61
VVTVA,Urban,Public,A93,Experimental,30,2MA9Q
VVTVA,Urban,Public,A93,Experimental,30,4Q5SZ
VVTVA,Urban,Public,A93,Experimental,30,4YT5N
VVTVA,Urban,Public,A93,Experimental,30,50ZC7
VVTVA,Urban,Public,A93,Experimental,30,5N7ID
VVTVA,Urban,Public,A93,Experimental,30,6KU2U
VVTVA,Urban,Public,A93,Experimental,30,70JDC
VVTVA,Urban,Public,A93,Experimental,30,9NW7W
VVTVA,Urban,Public,A93,Experimental,30,A84RV
VVTVA,Urban,Public,A93,Experimental,30,C1MCZ
VVTVA,Urban,Public,A93,Experimental,30,CB2FT
VVTVA,Urban,Public,A93,Experimental,30,G8OOV
VVTVA,Urban,Public,A93,Experimental,30,H1U8Q
VVTVA,Urban,Public,A93,Experimental,30,H9OAN
VVTVA,Urban,Public,A93,Experimental,30,HY8JN
VVTVA,Urban,Public,A93,Experimental,30,J4PGQ
VVTVA,Urban,Public,A93,Experimental,30,JDLDM
VVTVA,Urban,Public,A93,Experimental,30,K5OC0
VVTVA,Urban,Public,A93,Experimental,30,LBM49
VVTVA,Urban,Public,A93,Experimental,30,NU14D
VVTVA,Urban,Public,A93,Experimental,30,QRX9B
VVTVA,Urban,Public,A93,Experimental,30,S7D4C
VVTVA,Urban,Public,A93,Experimental,30,T03G6
VVTVA,Urban,Public,A93,Experimental,30,U1ACT
VVTVA,Urban,Public,A93,Experimental,30,VCB7U
VVTVA,Urban,Public,A93,Experimental,30,XK2EB
VVTVA,Urban,Public,A93,Experimental,30,ZZGRB
VVTVA,Urban,Public,TB5,Standard,25,0G8PS
VVTVA,Urban,Public,TB5,Standard,25,0QJP2
VVTVA,Urban,Public,TB5,Standard,25,2J7T0
VVTVA,Urban,Public,TB5,Standard,25,3M3RV
VVTVA,Urban,Public,TB5,Standard,25,4GUB6
VVTVA,Urban,Public,TB5,Standard,25,4OIRE
VVTVA,Urban,Public,TB5,Standard,25,59212
VVTVA,Urban,Public,TB5,Standard,25,925X9
VVTVA,Urban,Public,TB5,Standard,25,G5H8L
VVTVA,Urban,Public,TB5,Standard,25,GPML4
VVTVA,Urban,Public,TB5,Standard,25,K4MPY
VVTVA,Urban,Public,TB5,Standard,25,N2XBL
VVTVA,Urban,Public,TB5,Standard,25,N3AUM
VVTVA,Urban,Public,TB5,Standard,25,NANUJ
VVTVA,Urban,Public,TB5,Standard,25,NGT5E
VVTVA,Urban,Public,TB5,Standard,25,P27OQ
VVTVA,Urban,Public,TB5,Standard,25,PCXJH
VVTVA,Urban,Public,TB5,Standard,25,R79FQ
VVTVA,Urban,Public,TB5,Standard,25,S9W29
VVTVA,Urban,Public,TB5,Standard,25,SSNCF
VVTVA,Urban,Public,TB5,Standard,25,TJBLQ
VVTVA,Urban,Public,TB5,Standard,25,XBNC5
VVTVA,Urban,Public,TB5,Standard,25,ZBEKA
VVTVA,Urban,Public,TB5,Standard,25,ZO5AZ
VVTVA,Urban,Public,TB5,Standard,25,ZSJWH
VVTVA,Urban,Public,YTB,Experimental,30,0797N
VVTVA,Urban,Public,YTB,Experimental,30,0DG2C
VVTVA,Urban,Public,YTB,Experimental,30,1DAZA
VVTVA,Urban,Public,YTB,Experimental,30,2PYGZ
VVTVA,Urban,Public,YTB,Experimental,30,4O9S7
VVTVA,Urban,Public,YTB,Experimental,30,4SH2S
VVTVA,Urban,Public,YTB,Experimental,30,55LK7
VVTVA,Urban,Public,YTB,Experimental,30,8B9F4
VVTVA,Urban,Public,YTB,Experimental,30,CJSVH
VVTVA,Urban,Public,YTB,Experimental,30,D1CF9
VVTVA,Urban,Public,YTB,Experimental,30,DC2NZ
VVTVA,Urban,Public,YTB,Experimental,30,G1D76
VVTVA,Urban,Public,YTB,Experimental,30,GZ4RT
VVTVA,Urban,Public,YTB,Experimental,30,HRW4T
VVTVA,Urban,Public,YTB,Experimental,30,IKNTB
VVTVA,Urban,Public,YTB,Experimental,30,IWYXK
VVTVA,Urban,Public,YTB,Experimental,30,L9OB0
VVTVA,Urban,Public,YTB,Experimental,30,M0WG3
VVTVA,Urban,Public,YTB,Experimental,30,M4R5B
VVTVA,Urban,Public,YTB,Experimental,30,PJHRU
VVTVA,Urban,Public,YTB,Experimental,30,QIHFX
VVTVA,Urban,Public,YTB,Experimental,30,QIOYE
VVTVA,Urban,Public,YTB,Experimental,30,SEB4N
VVTVA,Urban,Public,YTB,Experimental,30,SZR80
VVTVA,Urban,Public,YTB,Experimental,30,T0WEF
VVTVA,Urban,Public,YTB,Experimental,30,UIHRK
VVTVA,Urban,Public,YTB,Experimental,30,WZ6C2
VVTVA,Urban,Public,YTB,Experimental,30,Y5PIH
VVTVA,Urban,Public,YTB,Experimental,30,YU2SU
VVTVA,Urban,Public,YTB,Experimental,30,YXR0L
ZMNYA,Suburban,Public,1UU,Experimental,24,16XHE
ZMNYA,Suburban,Public,1UU,Experimental,24,5A1B5
ZMNYA,Suburban,Public,1UU,Experimental,24,5SPC0
ZMNYA,Suburban,Public,1UU,Experimental,24,A6LGX
ZMNYA,Suburban,Public,1UU,Experimental,24,B4HL9
ZMNYA,Suburban,Public,1UU,Experimental,24,BG529
ZMNYA,Suburban,Public,1UU,Experimental,24,BN7PS
ZMNYA,Suburban,Public,1UU,Experimental,24,C3HZR
ZMNYA,Suburban,Public,1UU,Experimental,24,DP3H5
ZMNYA,Suburban,Public,1UU,Experimental,24,HTRAZ
ZMNYA,Suburban,Public,1UU,Experimental,24,I55J5
ZMNYA,Suburban,Public,1UU,Experimental,24,M9WKI
ZMNYA,Suburban,Public,1UU,Experimental,24,MESYT
ZMNYA,Suburban,Public,1UU,Experimental,24,PKBZJ
ZMNYA,Suburban,Public,1UU,Experimental,24,RB07N
ZMNYA,Suburban,Public,1UU,Experimental,24,S0FNE
ZMNYA,Suburban,Public,1UU,Experimental,24,S5K17
ZMNYA,Suburban,Public,1UU,Experimental,24,THYVQ
ZMNYA,Suburban,Public,1UU,Experimental,24,TNDD2
ZMNYA,Suburban,Public,1UU,Experimental,24,ULC89
ZMNYA,Suburban,Public,1UU,Experimental,24,ULX1M
ZMNYA,Suburban,Public,1UU,Experimental,24,VNYVB
ZMNYA,Suburban,Public,1UU,Experimental,24,VYPIZ
ZMNYA,Suburban,Public,1UU,Experimental,24,ZX8TB
ZMNYA,Suburban,Public,4NN,Standard,22,0QDDH
ZMNYA,Suburban,Public,4NN,Standard,22,0ZQYJ
ZMNYA,Suburban,Public,4NN,Standard,22,1ZWVL
ZMNYA,Suburban,Public,4NN,Standard,22,3DTQB
ZMNYA,Suburban,Public,4NN,Standard,22,46P8Y
ZMNYA,Suburban,Public,4NN,Standard,22,4KPNR
ZMNYA,Suburban,Public,4NN,Standard,22,4R4Z0
ZMNYA,Suburban,Public,4NN,Standard,22,4YJOE
ZMNYA,Suburban,Public,4NN,Standard,22,7BEF7
ZMNYA,Suburban,Public,4NN,Standard,22,EXMME
ZMNYA,Suburban,Public,4NN,Standard,22,FHSAV
ZMNYA,Suburban,Public,4NN,Standard,22,H4GR3
ZMNYA,Suburban,Public,4NN,Standard,22,M7JDV
ZMNYA,Suburban,Public,4NN,Standard,22,O8XZF
ZMNYA,Suburban,Public,4NN,Standard,22,OIM1Z
ZMNYA,Suburban,Public,4NN,Standard,22,OQQRA
ZMNYA,Suburban,Public,4NN,Standard,22,PU6GL
ZMNYA,Suburban,Public,4NN,Standard,22,R63EU
ZMNYA,Suburban,Public,4NN,Standard,22,RXDYK
ZMNYA,Suburban,Public,4NN,Standard,22,T7W1C
ZMNYA,Suburban,Public,4NN,Standard,22,VHOWB
ZMNYA,Suburban,Public,4NN,Standard,22,W9Z34
ZMNYA,Suburban,Public,V77,Experimental,23,3IMPL
ZMNYA,Suburban,Public,V77,Experimental,23,4QLN0
ZMNYA,Suburban,Public,V77,Experimental,23,4RLML
ZMNYA,Suburban,Public,V77,Experimental,23,50XI0
ZMNYA,Suburban,Public,V77,Experimental,23,AGNIN
ZMNYA,Suburban,Public,V77,Experimental,23,AYQBQ
ZMNYA,Suburban,Public,V77,Experimental,23,B15UA
ZMNYA,Suburban,Public,V77,Experimental,23,B3Z3I
ZMNYA,Suburban,Public,V77,Experimental,23,C6ESF
ZMNYA,Suburban,Public,V77,Experimental,23,GRE0J
ZMNYA,Suburban,Public,V77,Experimental,23,H0FE9
ZMNYA,Suburban,Public,V77,Experimental,23,HK7UN
ZMNYA,Suburban,Public,V77,Experimental,23,JZJZ5
ZMNYA,Suburban,Public,V77,Experimental,23,M8LLN
ZMNYA,Suburban,Public,V77,Experimental,23,MKQ5V
ZMNYA,Suburban,Public,V77,Experimental,23,MLDXH
ZMNYA,Suburban,Public,V77,Experimental,23,NM0PL
ZMNYA,Suburban,Public,V77,Experimental,23,NRHVW
ZMNYA,Suburban,Public,V77,Experimental,23,NZ8Y5
ZMNYA,Suburban,Public,V77,Experimental,23,O4C5C
ZMNYA,Suburban,Public,V77,Experimental,23,QEVVU
ZMNYA,Suburban,Public,V77,Experimental,23,WV4F0
ZMNYA,Suburban,Public,V77,Experimental,23,ZT5SN
ZOWMK,Urban,Public,CII,Standard,27,14BAR
ZOWMK,Urban,Public,CII,Standard,27,3MRKS
ZOWMK,Urban,Public,CII,Standard,27,5WRPI
ZOWMK,Urban,Public,CII,Standard,27,5YI2B
ZOWMK,Urban,Public,CII,Standard,27,6J0JA
ZOWMK,Urban,Public,CII,Standard,27,98TI9
ZOWMK,Urban,Public,CII,Standard,27,99HQT
ZOWMK,Urban,Public,CII,Standard,27,AOI1Q
ZOWMK,Urban,Public,CII,Standard,27,BR251
ZOWMK,Urban,Public,CII,Standard,27,CMBNG
ZOWMK,Urban,Public,CII,Standard,27,DAAHG
ZOWMK,Urban,Public,CII,Standard,27,DUWJP
ZOWMK,Urban,Public,CII,Standard,27,H6YJI
ZOWMK,Urban,Public,CII,Standard,27,H8BK5
ZOWMK,Urban,Public,CII,Standard,27,HSDFE
ZOWMK,Urban,Public,CII,Standard,27,KEX5T
ZOWMK,Urban,Public,CII,Standard,27,LAO5O
ZOWMK,Urban,Public,CII,Standard,27,LNU0R
ZOWMK,Urban,Public,CII,Standard,27,N3QE5
ZOWMK,Urban,Public,CII,Standard,27,N87VR
ZOWMK,Urban,Public,CII,Standard,27,QJUR1
ZOWMK,Urban,Public,CII,Standard,27,RYOCW
ZOWMK,Urban,Public,CII,Standard,27,S4YGT
ZOWMK,Urban,Public,CII,Standard,27,TDY78
ZOWMK,Urban,Public,CII,Standard,27,TRR2F
ZOWMK,Urban,Public,CII,Standard,27,UNO2K
ZOWMK,Urban,Public,CII,Standard,27,Z38SS
ZOWMK,Urban,Public,Q0E,Experimental,30,0VPKP
ZOWMK,Urban,Public,Q0E,Experimental,30,0WLKR
ZOWMK,Urban,Public,Q0E,Experimental,30,0XMEO
ZOWMK,Urban,Public,Q0E,Experimental,30,2E8OY
ZOWMK,Urban,Public,Q0E,Experimental,30,4SLJH
ZOWMK,Urban,Public,Q0E,Experimental,30,59TVE
ZOWMK,Urban,Public,Q0E,Experimental,30,7LUSQ
ZOWMK,Urban,Public,Q0E,Experimental,30,86NLD
ZOWMK,Urban,Public,Q0E,Experimental,30,ARY9N
ZOWMK,Urban,Public,Q0E,Experimental,30,C1PHS
ZOWMK,Urban,Public,Q0E,Experimental,30,CHF6W
ZOWMK,Urban,Public,Q0E,Experimental,30,CUT9U
ZOWMK,Urban,Public,Q0E,Experimental,30,FDPKM
ZOWMK,Urban,Public,Q0E,Experimental,30,FE2K4
ZOWMK,Urban,Public,Q0E,Experimental,30,G0LQX
ZOWMK,Urban,Public,Q0E,Experimental,30,GI9G6
ZOWMK,Urban,Public,Q0E,Experimental,30,GRQ2T
ZOWMK,Urban,Public,Q0E,Experimental,30,JM8WM
ZOWMK,Urban,Public,Q0E,Experimental,30,K6FWQ
ZOWMK,Urban,Public,Q0E,Experimental,30,N3CCG
ZOWMK,Urban,Public,Q0E,Experimental,30,O0K98
ZOWMK,Urban,Public,Q0E,Experimental,30,S6982
ZOWMK,Urban,Public,Q0E,Experimental,30,SED9R
ZOWMK,Urban,Public,Q0E,Experimental,30,STM05
ZOWMK,Urban,Public,Q0E,Experimental,30,TAFUM
ZOWMK,Urban,Public,Q0E,Experimental,30,TXOOF
ZOWMK,Urban,Public,Q0E,Experimental,30,UKCBM
ZOWMK,Urban,Public,Q0E,Experimental,30,VCHRB
ZOWMK,Urban,Public,Q0E,Experimental,30,WX1CZ
ZOWMK,Urban,Public,Q0E,Experimental,30,X42WM
ZOWMK,Urban,Public,QA2,Standard,30,03TIL
ZOWMK,Urban,Public,QA2,Standard,30,0FC2B
ZOWMK,Urban,Public,QA2,Standard,30,1OKDF
ZOWMK,Urban,Public,QA2,Standard,30,1PZC1
ZOWMK,Urban,Public,QA2,Standard,30,286RT
ZOWMK,Urban,Public,QA2,Standard,30,2IJFL
ZOWMK,Urban,Public,QA2,Standard,30,3IBYC
ZOWMK,Urban,Public,QA2,Standard,30,4FOEZ
ZOWMK,Urban,Public,QA2,Standard,30,6W3J2
ZOWMK,Urban,Public,QA2,Standard,30,7ZH49
ZOWMK,Urban,Public,QA2,Standard,30,8TZ7Z
ZOWMK,Urban,Public,QA2,Standard,30,9GPZN
ZOWMK,Urban,Public,QA2,Standard,30,A0OEB
ZOWMK,Urban,Public,QA2,Standard,30,B7AE1
ZOWMK,Urban,Public,QA2,Standard,30,C8BRE
ZOWMK,Urban,Public,QA2,Standard,30,D7CTP
ZOWMK,Urban,Public,QA2,Standard,30,FPUKO
ZOWMK,Urban,Public,QA2,Standard,30,HHNNN
ZOWMK,Urban,Public,QA2,Standard,30,KLN48
ZOWMK,Urban,Public,QA2,Standard,30,MKTFW
ZOWMK,Urban,Public,QA2,Standard,30,O5RMI
ZOWMK,Urban,Public,QA2,Standard,30,QOOMM
ZOWMK,Urban,Public,QA2,Standard,30,QVUI0
ZOWMK,Urban,Public,QA2,Standard,30,S81CK
ZOWMK,Urban,Public,QA2,Standard,30,SNGT7
ZOWMK,Urban,Public,QA2,Standard,30,VE9M5
ZOWMK,Urban,Public,QA2,Standard,30,VLT9X
ZOWMK,Urban,Public,QA2,Standard,30,WCK50
ZOWMK,Urban,Public,QA2,Standard,30,WTGZ3
ZOWMK,Urban,Public,QA2,Standard,30,XTDGC
ZOWMK,Urban,Public,ZBH,Standard,30,14KA2
ZOWMK,Urban,Public,ZBH,Standard,30,1RM48
ZOWMK,Urban,Public,ZBH,Standard,30,1ZXE0
ZOWMK,Urban,Public,ZBH,Standard,30,30ZL7
ZOWMK,Urban,Public,ZBH,Standard,30,3GOXL
ZOWMK,Urban,Public,ZBH,Standard,30,3ZC0F
ZOWMK,Urban,Public,ZBH,Standard,30,58VZ8
ZOWMK,Urban,Public,ZBH,Standard,30,87CSN
ZOWMK,Urban,Public,ZBH,Standard,30,8VV7M
ZOWMK,Urban,Public,ZBH,Standard,30,B6OD9
ZOWMK,Urban,Public,ZBH,Standard,30,B7EZ3
ZOWMK,Urban,Public,ZBH,Standard,30,C7MHP
ZOWMK,Urban,Public,ZBH,Standard,30,E7D9H
ZOWMK,Urban,Public,ZBH,Standard,30,ECH9Z
ZOWMK,Urban,Public,ZBH,Standard,30,F4XMK
ZOWMK,Urban,Public,ZBH,Standard,30,FF3C5
ZOWMK,Urban,Public,ZBH,Standard,30,FX3Q4
ZOWMK,Urban,Public,ZBH,Standard,30,GKK5I
ZOWMK,Urban,Public,ZBH,Standard,30,J4IDO
ZOWMK,Urban,Public,ZBH,Standard,30,JU0SW
ZOWMK,Urban,Public,ZBH,Standard,30,KPR1P
ZOWMK,Urban,Public,ZBH,Standard,30,Q6QZP
ZOWMK,Urban,Public,ZBH,Standard,30,Q8JXJ
ZOWMK,Urban,Public,ZBH,Standard,30,R805N
ZOWMK,Urban,Public,ZBH,Standard,30,S4I5S
ZOWMK,Urban,Public,ZBH,Standard,30,T8LSK
ZOWMK,Urban,Public,ZBH,Standard,30,VNP26
ZOWMK,Urban,Public,ZBH,Standard,30,YDR1Z
ZOWMK,Urban,Public,ZBH,Standard,30,YUEIH
ZOWMK,Urban,Public,ZBH,Standard,30,ZVCQ8